,train_loss,test_loss,train_acc,test_acc,train_r2,test_r2,train_mse,train_mae,test_mse,test_mae
0,10.990262854611501,0.7672959771007299,-3.72731636984238,0.25917371097561837,-0.816261532311582,0.010440723718933342,183.45459750259062,11.757287631002097,28.523161613199317,4.557947677537733
1,5.082854078849778,0.2731044949032366,-2.1228630647191724,0.6628017529225771,0.15502006915552147,0.6484114620195829,85.34864079489162,8.256503264603205,10.134225337013069,2.473623261642378
2,6.067199060460553,0.32589488895609975,-2.4168851743226716,0.6691201277290926,0.008344916888954224,0.6004833828917409,100.16381501071493,8.712214163045473,11.515709376970019,2.5323515940054215
3,3.601992721785791,0.3358136743772775,-1.6654128308453218,0.5325448671938692,0.40971291225288675,0.5711632942975113,59.622955266689864,6.74065405533881,12.360834722699177,3.0120262445499577
4,1.5081480361986905,0.15137009811587632,-0.4268372588483491,0.8133357378752708,0.7577412795965793,0.8132356252389434,24.469755733106528,4.488249987960713,5.383316161633017,1.7136511728075914
5,1.5040047442889772,0.23370702122338116,-0.5693100398539379,0.5942656281711116,0.7576460174489643,0.7031699693694238,24.47937784899514,4.397855533992082,8.555860308990788,2.5153131572960765
6,1.0296901545953006,0.1612083911895752,-0.02596341692441073,0.7650135447984517,0.8436611781940001,0.8028990120437396,15.791269659246781,3.5922883438737965,5.681259797519047,1.912691334158664
7,0.7239120457088575,0.1262405626475811,0.031312820197441305,0.715813610101408,0.8844463891423953,0.837616565676625,11.671689782953665,3.1151890356568304,4.680557346618631,1.8328327892673977
8,0.7904176695737988,0.14179334603250027,0.12854630431563108,0.7689245941084275,0.8768468154046175,0.8208985653568179,12.439297705300005,3.1975541844347646,5.162438762316597,1.8353442724019964
9,1.0487017458071932,0.11465116962790489,-0.31203379105857887,0.7491883503239183,0.8309595601135602,0.8565917656983792,17.07421828262762,3.775335018033534,4.133614167128338,1.6957556918169858
10,0.6762566755642183,0.11440043221227825,0.26361208906177624,0.8314129325066688,0.8957451572589068,0.8582425013625057,10.530438415673082,2.8362292996081893,4.086033187133386,1.5656795578849767
11,0.7650610127893742,0.0896236184053123,-0.13726480230886384,0.7582791911673856,0.8766262697282655,0.8862304138507094,12.461574297941704,3.213686528958435,3.2793066268839794,1.5278965185978637
12,0.4490993184153922,0.07296955829951912,0.3228180541731257,0.8302110723867686,0.9324439854581033,0.9101277751429615,6.823610606832312,2.361876759944176,2.5904865484854467,1.3105359394520195
13,0.41975581808947027,0.0991048768046312,0.6040730522736583,0.8541424317436793,0.9351666782345454,0.8739332286821833,6.5486003737026826,2.038109739993847,3.63376199742783,1.4764160991508863
14,0.7439872796530835,0.11342747753951699,-0.08381289106803957,0.7154313780633945,0.8812552840081394,0.8582216047589997,11.994012806140912,3.110268350918512,4.086635513050847,1.704932927584405
15,0.39164677530061454,0.09282730362610891,0.4367797035732338,0.7889020178671602,0.93914849000505,0.880112733074085,6.146410676517768,2.209134701004937,3.4556433069314916,1.5367683278177926
16,0.5110705227998551,0.14636604068800807,0.6690248318873984,0.8164109699251086,0.9187093705900595,0.8101897698177292,8.210898834680886,2.152495749343072,5.471110221586892,1.8485179263517137
17,0.9332422849838622,0.2803156563313678,0.7996895431351626,0.7861436816968685,0.8472916083831272,0.6298496293006007,15.424571858704851,2.4959301504929887,10.66925357349268,2.6002752040472155
18,1.09490035881754,0.16912718990352005,-0.19095327232666426,0.7202770048062761,0.8248572111713315,0.7834046839095063,17.69059645785227,3.909150808015978,6.243166380824663,2.070976995893467
19,1.420197598345112,0.16651661065407097,-0.520050234480472,0.6863500490708183,0.766632037273977,0.7832719918146872,23.57172957212508,4.494392603649386,6.246991111849919,2.0946176660683977
20,1.1495636138133705,0.1857744378503412,-0.16331808321169428,0.7332635756511232,0.8108736155012203,0.7559606690095454,19.103033416770987,4.020321186656791,7.034215579260249,2.173100377240089
21,1.22515759896487,0.21274341153912246,-0.18484309703057145,0.7083438751667334,0.7993684453796132,0.721470002005745,20.265132771026416,4.141557994696009,8.028378225881749,2.3426379289724424
22,1.4532226531300694,0.21667151572182775,-0.41890340459482367,0.670723791672305,0.763345345689652,0.7173386548450367,23.903707467924097,4.54303164524585,8.147460614950925,2.383541419429244
23,1.3616960223589558,0.2937012645415962,0.012946922888404044,0.7262935445251221,0.7773035534268278,0.6134324657975492,22.493834860523712,4.098690232293015,11.142463636853105,2.670663568212293
24,1.5631890295771882,0.4110666671767831,0.30967924869704255,0.7309132041525375,0.7444390331283133,0.4604760698977869,25.81337185242726,3.897239942355274,15.551295027346017,3.1099765907081425
25,1.9437941663200036,0.23592732101678848,-0.7562637623779804,0.6391773309767583,0.6805206019885954,0.692555976597349,32.26956213621858,5.271656267680082,8.86179916324213,2.4889555887196155
26,1.714361087186262,0.4331714368890971,0.21271106556137165,0.7255099694015612,0.7170396614210701,0.42856414393829256,28.58089217863204,4.174355652337168,16.471127768394037,3.1971791338278996
27,2.5441702080424875,0.25867236079648137,-1.1069732548278166,0.5979225829552022,0.580689291197141,0.6636849839219001,42.353194153736,5.984739692506124,9.693979720540476,2.6031748343752947
28,1.7798918676562607,0.2936793297994882,-0.41662676371764373,0.6891827032563198,0.706217307581625,0.6133513172576801,29.6740225083369,4.955514268641656,11.144802670979548,2.719927454723963
29,2.0470820873888442,0.5204125879099593,0.19513173752856483,0.7097559101056347,0.6629102231223005,0.3161390972513344,34.04832852492942,4.482907756273775,19.711679247103813,3.510031477632998
30,2.496663469239138,0.2619937565177679,-1.036599444409318,0.6237402948919126,0.5875399078217827,0.6578007395594903,41.66123592351424,5.956026063687791,9.863587804607286,2.6201654626610855
31,1.9454566883068765,0.44265285111032426,-0.039136809943864925,0.7107694407515223,0.6781571548583336,0.41619360534297223,32.50828614941123,4.6970802066659365,16.827697485897673,3.2309393487873037
32,2.239819724782137,0.5933266743086278,0.2496579952302922,0.6958024832208678,0.6286354268639409,0.21704897136893964,37.51031284833134,4.605750457297296,22.567863553149397,3.7924153328495707
33,2.006936640100321,0.447375473449938,-0.07097220143870997,0.7096657359830294,0.6698975905373266,0.413779722993878,33.34255754761049,4.772734517353575,16.897275486941954,3.243524512402392
34,2.0166316453833133,0.3163853301666677,-0.5457627197888317,0.6791366652585871,0.6658913554260975,0.5829278996956826,33.74721416603034,5.2827251376786615,12.021730487985051,2.8230435653915893
35,2.0111300009302795,0.3066391278989613,-0.5818225534369021,0.6716865210126,0.6671878386264618,0.5957558018540616,33.616260666514776,5.302834116516963,11.651977674594386,2.7975001931980716
36,2.020360131202324,0.4899706019787118,0.032139190727552114,0.7048104073627627,0.6651650956070476,0.352686232283257,33.82057127920805,4.66884817213992,18.658240747762353,3.4092332370467893
37,2.012001507799141,0.39841156732290983,-0.2758408156629397,0.698177226657817,0.6671134915859964,0.4750828814307062,33.6237702162913,5.021339779461821,15.130266741326835,3.0980545940820616
38,1.971927355072694,0.3859270163811743,-0.30834106775043124,0.68941845465587,0.6732763576469327,0.49004661692954277,33.001279406153124,5.027867708606389,14.698950441029472,3.075054147133357
39,2.044013755978085,0.3271448244340718,-0.5751089521284998,0.6601510614218686,0.662355852118682,0.5687289266793978,34.10432371478872,5.3338710110950585,12.43100319331202,2.8975400959594926
40,1.879145449725911,0.422121181152761,-0.13585007058712883,0.6891458581115228,0.689066058844943,0.44177927420622054,31.406413674299802,4.759842744597052,16.090213450872618,3.2109738556205683
41,2.472233203938231,0.2879063952714205,-1.011515396012081,0.601909880382212,0.5913028005275616,0.6220588971156955,41.28115852028611,5.932075556589345,10.893814464913289,2.7731504383911045
42,1.8017894022050314,0.3955875381361693,-0.17323321164632044,0.6831012783455632,0.7018348252863458,0.47651737885452083,30.116682616057975,4.737860038810843,15.088918635322559,3.1414917330671317
43,1.7488079220056534,0.3536639583762735,-0.28911957717542647,0.6698061293244764,0.7105585572282533,0.5323574514107474,29.235527174701307,4.8172284740750335,13.479378456992062,3.0171729006018175
44,1.8462308478774503,0.3188623203895986,-0.49637486159997746,0.648232179754046,0.6957018117873244,0.5793098273633478,30.736158117203978,5.079093475162563,12.126018188921238,2.8988422715782107
45,1.8462609223788604,0.310323198325932,-0.5258024826032104,0.6443636237028814,0.6952433427085922,0.5909036386296277,30.7824665693789,5.099708066515509,11.791836942393157,2.869942531977307
46,1.6791921438998543,0.3509065452963114,-0.2564540405572411,0.6650660162060185,0.7231913879484677,0.5373643146215367,27.959526536100707,4.714104736817092,13.335060100366439,3.0143888964559755
47,1.73083736828994,0.32745265308767557,-0.3812829681254233,0.6547963326456878,0.7152814447480622,0.5699935039974791,28.758483856003807,4.870142228358935,12.394552882471038,2.928567750305262
48,1.6391596884350292,0.329291574889794,-0.2959836427203353,0.6623258777704852,0.7292986875617514,0.5643859509111626,27.342648309892432,4.712762749549109,12.556185587827203,2.9403218293165905
49,1.670296059048269,0.31646087765693665,-0.3647910538953032,0.6570444186428739,0.724658601387544,0.5824945111391864,27.811328137286647,4.796640904851768,12.034222525738171,2.8898135825001567
50,1.672129578073509,0.31277723447419703,-0.38578457099275787,0.6533825571410092,0.7245307852411695,0.5872531652424599,27.824238425408875,4.813330547841809,11.897058574772963,2.8765320662131826
51,1.5808859484968707,0.35804749419912696,-0.12852779741726694,0.6793142848722713,0.7396425192122582,0.5274930845849632,26.297851931001368,4.475817098556585,13.619589482691463,3.0202342497582535
52,1.6581469718948938,0.30607895995490253,-0.3822728119004579,0.6589213234417647,0.7263657731088393,0.5957183631043481,27.638892342426512,4.794276201158584,11.653056813089949,2.8428626617898263
53,1.5214734037581366,0.3643516569864005,-0.04301401697753038,0.6864438179229782,0.7489562189783306,0.5175239678227356,25.357105782141307,4.320908632701147,13.906940362386628,3.038725418618006
54,1.6071377843618393,0.30363203352317214,-0.3413076154128314,0.6652939607192094,0.7349448790208433,0.5989821312318804,26.772345100182342,4.7022700162691535,11.558981614159501,2.825364118113907
55,1.5414875808055513,0.35505343321710825,-0.08213811939550442,0.6905489380809835,0.7460333808947641,0.5312781293041611,25.65233203378332,4.376573400183893,13.510488951953576,2.988258187775193
56,1.5793207252281718,0.3065839735791087,-0.29213142543132764,0.6759810897959635,0.7394538408559301,0.5951633563922076,26.3169097105677,4.6271789167708555,11.669054385470137,2.8214530008946137
57,1.5978496314492077,0.3074519163928926,-0.3135426229991456,0.6726125704056304,0.7371353633376156,0.5953838411850354,26.55109149131592,4.65739039305408,11.662699108398998,2.819755910962773
58,1.5774529182817787,0.30499252746813,-0.2984617545900998,0.6757101998326809,0.7401984370964996,0.5978371976217617,26.241700495823316,4.6252157702340995,11.591983302062957,2.809241940001339
59,1.5107871398504358,0.33906504255719483,-0.10707244716093745,0.6922920626250764,0.7513163569839353,0.552845771086796,25.118716012735295,4.3670952643438925,12.888820955981037,2.919504542101786
60,1.5675620316760615,0.3000768078491092,-0.30490272169381516,0.6768470383131558,0.7419938367824678,0.6047589882587501,26.060353084734132,4.614916961122236,11.392468874050591,2.7835769447154055
61,1.66441323782783,0.27448417455889285,-0.4805713079604139,0.6578931419235103,0.7259743350029935,0.6392770647011622,27.67843021672358,4.838656755127872,10.39751617486126,2.690425664521408
62,1.4404871792939957,0.3347248272038996,-0.03568362054270735,0.7036488785582206,0.7626179086555346,0.5579211127474365,23.977183487719902,4.21274056346152,12.74252876924847,2.886726297502237
63,1.4528241651132703,0.3073088333476335,-0.1487288884420641,0.698234062188754,0.7607495178137557,0.5946514238965557,24.165903495140764,4.34395162658975,11.683810382062282,2.78542591263772
64,1.414897888986161,0.32063366868533194,-0.05149247776527366,0.7080261960021287,0.766889581268899,0.5765918433885224,23.545715901138223,4.19887981562559,12.204361647503513,2.823442193767005
65,1.4427606296958402,0.287249187938869,-0.2064089195760761,0.6974934187636974,0.7626128176908962,0.6216264958397879,23.97769770929649,4.38192992987179,10.906278045185926,2.700167006691791
66,1.3565247057704255,0.33789389790035784,0.10156760950321098,0.723941132688133,0.7765086712246028,0.5536655952215452,22.574123294692985,3.9527150917950555,12.865190258103357,2.8641410880005376
67,1.6751659662113525,0.5199055304983631,0.6227236575123762,0.7195288931577115,0.7232764320459807,0.313196304180277,27.95093651181089,3.5547135329180377,19.796502626937535,3.564928731594275
68,1.6429717610008083,0.49985008779913187,0.5844970245138985,0.7257396525806639,0.7283648715857778,0.33936764715694145,27.436969987121213,3.6030008558521947,19.042137059102828,3.502506402228289
69,1.4614499065937707,0.4260473062749952,0.4586450467512957,0.7467862541034921,0.7586836704732115,0.43763455004839,24.374567933394317,3.595825659754811,16.209681419926703,3.179920001740756
70,1.5366241751471534,0.4595201149350032,0.5497391529884639,0.7374916312058919,0.7457901901011678,0.39283103557917576,25.676895935160886,3.5720426345321554,17.501102676516226,3.361178705883115
71,1.4156306864751969,0.40776236064266413,0.45483527788899947,0.7544309218331844,0.7658869393407552,0.46153279997394026,23.646989461192497,3.5776864445265253,15.520835727467665,3.1222209668145053
72,1.464204887568485,0.42740680056158453,0.5049522869282062,0.7474369189783652,0.7577698198533707,0.43586554295597946,24.466872975734237,3.582540840966741,16.26067146812407,3.242158727714007
73,1.3093553373764735,0.3589791482081637,0.37200019979683496,0.7702784624248633,0.7833910657215013,0.5263925440266488,21.878955286220304,3.5796003843709694,13.651311580557753,2.904119895285797
74,1.2297806348651648,0.3273307014023885,0.3288698058114846,0.7787926933845729,0.7964775757276912,0.5681121333545467,20.557129996641173,3.534968787328045,12.448781709575124,2.756751709277947
75,1.2605913133884314,0.35875433415640146,0.45674894396319166,0.7711058961647881,0.7913541058365587,0.5267465441000299,21.074634821784997,3.43850124269011,13.641107844868388,2.9405787759708164
76,1.1396395196352387,0.2971330253058113,0.31242688170594635,0.789855901336987,0.811468831274456,0.608499541676081,19.04291263121034,3.45134185349569,11.284650765320103,2.6145842740752547
77,1.1160031138570048,0.30472631606971845,0.39343961043379405,0.7903304435294916,0.8153871564760953,0.5982820707793518,18.647135503322755,3.3448642545646914,11.57916023094891,2.6729493993076603
78,0.9716825961659197,0.21080467716092244,0.1231374856027605,0.798512833973476,0.8398503331383714,0.7238005371653276,16.176190571454462,3.4109533446296565,7.961202633074574,2.1918016297637886
79,1.0192318469053134,0.28922134928870946,0.46309911661189285,0.7975852174126262,0.831722476206598,0.6200065878992473,16.99715863990185,3.1579331977714027,10.952970443604132,2.618420967769616
80,0.8970191290427465,0.22561921464512125,0.31616112828290976,0.8187102011160138,0.8520728599058118,0.7041181467113402,14.94163338423504,3.1360264859513225,8.528529944646074,2.251685556053688
81,0.8125656781121506,0.19685273489449173,0.29813117395767874,0.825952860021153,0.8659659818123187,0.741705290560446,13.538334882301356,3.020906253723782,7.445114120769643,2.103078742913287
82,0.7353953971978626,0.17850005766376853,0.31102021510067634,0.8337018763342369,0.8791982230559208,0.7671634983404251,12.201789760238084,2.8773709218311323,6.711304037537699,1.9827273340827876
83,0.6816908668624819,0.14024692628299817,0.20354178133294898,0.836916501642225,0.8881714379787988,0.8178847118678916,11.295434864373648,2.8761650035329263,5.249310395177461,1.7657761922360833
84,0.5899646367033711,0.13369651144603267,0.30246102949623754,0.8491872842403608,0.9040860285613517,0.8279991942547859,9.687954466974643,2.6211200912774757,4.957769481287526,1.6985781735023495
85,0.5132283665370778,0.13113089359831065,0.42812258630820665,0.8646811694911656,0.9162352711449185,0.8300294929546729,8.460799473886771,2.3910841980016593,4.899247936062279,1.6802158127951978
86,0.4563648245894001,0.1048227779683657,0.3709946133256655,0.867439771126276,0.9260131224914867,0.8656561543445831,7.473170902057776,2.296135953860202,3.872341266678979,1.4975118550801556
87,0.5022931880666874,0.07518109458032995,0.1389191525028406,0.842915807486058,0.9190918293450371,0.9065769835455639,8.172267935051327,2.5339206604187825,2.6928349423765012,1.323894012159968
88,0.34010011664940976,0.082459167286288,0.4518571969146338,0.883004891250306,0.9459989180544737,0.8967842467387721,5.454471493657904,1.9455414947035887,2.9751018275148846,1.3053259645110837
89,0.3687089007580653,0.05882143520284444,0.26481243033748336,0.8634421701934377,0.9407354013192278,0.9268551785361594,5.986121989434093,2.1481819361830596,2.1083340976020066,1.1685336324142004
90,0.3165080587787088,0.05562327476218343,0.3409342224171238,0.8770059362446702,0.9499828868447452,0.9325947617859357,5.052063923008126,1.955469633250123,1.9428957408003442,1.1032352989683911
91,0.25979069131426513,0.048630275938194245,0.4107551618382538,0.8878070362409349,0.9593144653696187,0.9414940131678173,4.109511899585753,1.7480110653288523,1.686382774385788,1.0227501730802577
92,0.22974005551077425,0.04442216959432699,0.4531970008306667,0.8983169456213691,0.9642487515307527,0.9469464445652059,3.6111159001388287,1.6220486802673362,1.5292213130561847,0.9604367953463877
93,0.2243543402873911,0.03957529171020724,0.4437928429032626,0.9047746991529044,0.9651698337859143,0.9535376455599698,3.518080414124667,1.5992901380992495,1.3392358359806995,0.894110195398362
94,0.20529656142753083,0.03302171581890434,0.4522951895337779,0.9127260381400789,0.9683212939360868,0.962278933918329,3.199761800252176,1.5210119690226205,1.087276012522647,0.804715020221089
95,0.14085707825688587,0.028404151220456697,0.5830186694761186,0.9370665100825102,0.9785217079210314,0.9667225474738698,2.1694515675698933,1.1912835489882387,0.9591928237442774,0.7041355369959553
96,0.1247104229987599,0.024706126205273904,0.6079606357191083,0.9475164714405805,0.9811781518159852,0.9715094067940976,1.9011329158409673,1.1117076139073379,0.8212158826118222,0.6267098874589188
97,0.12995485631472548,0.020514564879704267,0.5738654257393582,0.951534622971083,0.980283965860035,0.9769567234472943,1.9914516952254184,1.140747528926068,0.6642018492116927,0.554542924322595
98,0.15792702461476438,0.015258965868270025,0.4821888244024225,0.9489162957158203,0.9754848317880483,0.9839594500223338,2.476196427123561,1.276167837696828,0.4623545151302515,0.4943412918421303
99,0.16158236175579077,0.012802804951206781,0.4635925802524591,0.94708424606638,0.9745260177731219,0.9862492363217816,2.573043073963181,1.3130746530243744,0.3963534717927604,0.4782812621749922
100,0.14260131570426893,0.011961661963141523,0.5009767813112901,0.9551246147499322,0.9777032407619916,0.9875188410970954,2.2521222405756953,1.2110212172365074,0.3597582489908914,0.4298158288178712
101,0.15445286900921928,0.01105774390453007,0.47127268514445264,0.9550740759563613,0.9756216422256316,0.9883962435131055,2.462377655259214,1.2576746781668846,0.3344679086226818,0.41721589450566526
102,0.1712460299850136,0.010725997497502249,0.43493362068387376,0.9531522114485089,0.9727559475642303,0.9888309009374513,2.7518320379678527,1.333196979181445,0.3219392968879857,0.42322567074537487
103,0.16849304086099437,0.011015810930985026,0.4399732531345819,0.9547213610136582,0.9732801587314099,0.9889685271012978,2.698883193888716,1.326312018408134,0.3179723457333751,0.4190945796790721
104,0.16637948915058587,0.010615950479405,0.4422384812572908,0.9551020655884954,0.9735683067558492,0.9894757439531023,2.6697783106413175,1.3232049199701716,0.30335227336001425,0.41310271897925943
105,0.16776848857216464,0.010535710884141736,0.4394779156164438,0.9549976050209591,0.9733971899913251,0.9897635795933696,2.687062251639488,1.3273908681288495,0.29505566831353724,0.40997769115467525
106,0.1490247267356608,0.01011364912847057,0.47598030665732916,0.957862311744213,0.9764929977143332,0.9903282990333796,2.3743649062043066,1.2489863396053675,0.2787781352343098,0.3918245186592121
107,0.15696707482493366,0.009912478213664144,0.45794858708665,0.9574852137139876,0.9751118138308418,0.990324035257757,2.5138737428532316,1.2764994724118672,0.2789010347554193,0.39113260243627435
108,0.16210204090657498,0.009995589723985177,0.448843058225163,0.9546408515715715,0.9743006006648193,0.9903970846940006,2.5958117139074646,1.3109424301435868,0.27679545005153183,0.4049198935472863
109,0.15978002889096388,0.009531166426313575,0.45075805794133794,0.9577057603435252,0.9746190288490464,0.9906627954219865,2.563648331414567,1.2814654702541577,0.2691365758250325,0.3836314985886808
110,0.16573094262093946,0.00972428297973238,0.4401945407259671,0.9539116971053903,0.9736833507418324,0.9906539526683252,2.6581580963890272,1.3307269372707684,0.26939146029515,0.40433910922118393
111,0.14435381721295926,0.009267576486308826,0.4814806356579079,0.9602921910219,0.9772080726593878,0.9910765541808731,2.3021375403236797,1.2116769294436507,0.25721034944175464,0.3676714252098026
112,0.1565039637953305,0.009593328395567369,0.4587429069871912,0.9555895571666699,0.9752938239916529,0.9910370315973909,2.495489495761639,1.2882011260957058,0.2583495525830481,0.39284542808885903
113,0.1379596206061251,0.009386930571054108,0.49543804565380656,0.9616369095901963,0.9783442307117296,0.9911518627973647,2.1873779561538726,1.175674430131152,0.2550396458866043,0.3599109415832519
114,0.13764341427213367,0.009156585885648383,0.49562765505395445,0.9613340404028786,0.9783448071309613,0.9911155012610416,2.187319733945083,1.1719431502057038,0.2560877346690604,0.36124525186800815
115,0.14054165922652828,0.009174400438496377,0.4887040430540982,0.9618951576782554,0.9778894755694361,0.9912897958293668,2.233311275836924,1.183624536107632,0.2510638495317055,0.35656973480432025
116,0.1563059131940463,0.009184419053781312,0.4555158603551511,0.9587770212342678,0.975243955928964,0.9913540002610599,2.5005265045877683,1.2690599939036484,0.24921321417780373,0.37244181334681375
117,0.14777735155166738,0.009449540219065966,0.4740220358632714,0.961808769431367,0.9767712408935102,0.9912426699694035,2.346260478766042,1.2074452310378707,0.252422210321317,0.35517586087935504
118,0.14432383926259718,0.008611983692389913,0.4796629253465513,0.9616973375508528,0.977262987433023,0.9917341075271052,2.296590779840701,1.1936257599860554,0.23825696199601962,0.34790398810136225
119,0.1442059649152725,0.009044231999723706,0.48097851307732087,0.9616516547409776,0.9773708484170268,0.9916874432261771,2.28569609696897,1.196290730357981,0.2396020187590072,0.35099037512717635
120,0.1474152578553003,0.008998207827971783,0.47322717427379346,0.9619295937934457,0.9768178665561768,0.9917083913521051,2.341550974090857,1.2106940981329644,0.23899820775378575,0.3504711195856018
121,0.14980452509144015,0.008991222341137473,0.4680935660410781,0.9616845233091709,0.9764389074218041,0.9918110736964818,2.3798283885653038,1.2227473340046826,0.23603848096057453,0.3505285213738964
122,0.15070363169661505,0.008853525989252375,0.46567329996509144,0.9618161407164363,0.9762801440096952,0.9919002598212665,2.395864558108289,1.2240032875217017,0.2334677706333975,0.34778591180029117
123,0.14793349046658477,0.008599346889241133,0.47132372812867873,0.9622865457030607,0.9767679180638814,0.9921116368698258,2.3465961068467385,1.206923684605078,0.2273750161497669,0.3409405525595424
124,0.14442291241175553,0.008566665735997958,0.47938846542442526,0.962654599151458,0.9774230858775478,0.9922034063547183,2.280419763068838,1.185287859804978,0.22472984277664326,0.33644191304955556
125,0.14131785942754505,0.008171797526301816,0.48620278374189907,0.9630304026083365,0.9779953424019805,0.9924850467513175,2.222618015638544,1.1656024198813946,0.21661181009122718,0.3285776861223263
126,0.1393794722189341,0.008256662375060841,0.4902569270830641,0.9630930744808175,0.9783264817591397,0.9925900388747216,2.189170719418166,1.1628414808097005,0.2135855059821673,0.3288570602427154
127,0.14613607028695696,0.008246872937888838,0.4757669124491074,0.9627858350961681,0.9772169440991227,0.9925239791456137,2.3012414654044626,1.1866171505043785,0.2154896186256769,0.3294351288129317
128,0.14262290928581933,0.008551677859941265,0.48368390470452105,0.9629902667402743,0.9778521041548074,0.9925686881420385,2.2370860393865764,1.1770783446416033,0.21420092176723332,0.33055530497491825
129,0.15491241100608022,0.00870787675739848,0.4575740869417044,0.9620607561725628,0.975750832254615,0.9921799117548198,2.4493285957780464,1.2267621466920027,0.22540705361787777,0.339307486052601
130,0.14988248935242154,0.0089624548854772,0.4685249477766351,0.9625604884245478,0.9766297903604478,0.9919985319352909,2.36054793139764,1.2040010350897559,0.23063516478797358,0.3410688141169957
131,0.15022998039785307,0.00899015874529141,0.46817806028422604,0.962414253250557,0.9765991559175577,0.991922755266754,2.363642215612839,1.2039693646229503,0.2328193595249586,0.3428001362497579
132,0.14709842273623508,0.009186325474729529,0.47487669963612744,0.9629508779540067,0.9771385337528574,0.9917738000081378,2.3091614363217805,1.1886565463897396,0.23711286170970178,0.34315903858998914
133,0.1426369873479416,0.009070664142200258,0.48438806808017876,0.9637061722499775,0.9779013908086233,0.991874875303714,2.2321077567564696,1.1622790359603505,0.2341994566616929,0.3367158606061573
134,0.144562582276194,0.008953139349614503,0.47978119129891283,0.9636851604166046,0.977573468378015,0.9920013340524466,2.265230121817378,1.1719541757576049,0.2305543962656537,0.3354852524676311
135,0.14343651221861364,0.00895427990326425,0.48237285506131256,0.9639275804276757,0.9777951261128275,0.9920495537101807,2.2428412038119383,1.1656831414613684,0.2291645077330038,0.3338348606325076
136,0.14369033314642365,0.008922510911361314,0.481236235208946,0.9640692762020107,0.9777285132652979,0.9920704815830546,2.249569548224152,1.1682591508401636,0.22856128050396357,0.3337228034309281
137,0.14522402453303584,0.008878419797838433,0.47754228338783333,0.963979239728579,0.9774655364049253,0.9921494206123203,2.276131975062947,1.1779246561711532,0.22628593354567106,0.3340501486971219
138,0.147092651362982,0.008766006721998565,0.4727366031288286,0.9639702945028902,0.9771046832666053,0.9921871178672651,2.3125805624884572,1.1862324171973142,0.22519934386788307,0.33327852318561835
139,0.14732739760484037,0.008675014916661894,0.472051520531485,0.9641235611094506,0.9770738189179438,0.992271694692475,2.315698068728688,1.1854955888225849,0.2227614924808933,0.331109478142385
140,0.15048941774102786,0.008678619622514816,0.4642955643654516,0.963983024196641,0.9764669506316672,0.9921184711718883,2.3769958362667474,1.2006387588708414,0.2271780235017122,0.3343082614745924
141,0.144926999067593,0.008408129009694676,0.4759875978455257,0.965117033121289,0.9774388158680793,0.9923914615443351,2.2788309285148074,1.16762427822489,0.21930932003059941,0.3230982553771967
142,0.1382778604483974,0.008289981467896723,0.49031745189869047,0.9659293466550285,0.9785703193313677,0.9923983158714377,2.1645414890604835,1.1278410481545356,0.21911175017866222,0.31612243128216105
143,0.13684411785061457,0.008587063866798417,0.4946089339616552,0.966009379252323,0.9789119033721819,0.9923451162387322,2.1300392097322813,1.1246321352968134,0.22064518203847377,0.319150447233949
144,0.14141174406631762,0.008389443371925154,0.48400387282419943,0.9657224156625654,0.9781240238262641,0.9925056515501507,2.2096203286435645,1.1488655078524244,0.21601789518262737,0.31942971753271165
145,0.14150786240497837,0.008413282219407847,0.4832597522741031,0.9659433452758404,0.9780916809456761,0.992513890804355,2.212887176525757,1.1491333651688715,0.21578040604491447,0.3188631377449537
146,0.14490299036515353,0.008423140343438718,0.4756050843480514,0.9656938002284848,0.977509429361079,0.9925266257760912,2.271698492075438,1.1663091688097502,0.2154133318678763,0.32037018983475074
147,0.1503619038285251,0.008363934426597552,0.4644870889434075,0.9650912269100016,0.9766157792356733,0.9925160538000359,2.361963148980754,1.1889512259157344,0.21571805962782303,0.32242024880958403
148,0.14651670838793507,0.008479893949697725,0.47209267356890094,0.9656858630274292,0.9772384190386095,0.9924411203593798,2.2990723524711916,1.1718952699670362,0.21787794907487099,0.32187947635621333
149,0.14826504033499077,0.008599174328992376,0.46764985735884046,0.9655284325828422,0.9768895086179303,0.9923116654739381,2.334314645308108,1.1835863808496458,0.22160937043342457,0.3254350780996987
150,0.1461797745741933,0.008636654556539725,0.4724966829372531,0.9656122337635967,0.9772810109346813,0.992331694569033,2.2947702852789336,1.1740291536389271,0.22103204967048337,0.3251015096322354
151,0.14231234011595006,0.008851933811456547,0.4804728228766355,0.9659729148681551,0.9778658136925136,0.9919926844456698,2.2357012841202852,1.1531731525102782,0.23080371344947592,0.3268407585328784
152,0.14186701139578872,0.008850958574839751,0.480308429776393,0.96631564687432,0.9778826981942222,0.9919505097385164,2.2339958361933823,1.1552694263106447,0.2320193616849656,0.3274456785996563
153,0.13905082761198173,0.0085342944094009,0.48683760325226777,0.9667575310773446,0.9784636307623922,0.9924578315919758,2.1753177501502763,1.1415451856802956,0.21739626273276277,0.3191920375090539
154,0.14019559179860153,0.008577852437156253,0.4840511053860742,0.9667810130770677,0.9782317039584194,0.9922939795450012,2.198743913021617,1.1434959685391155,0.22211915152632,0.32019151377219807
155,0.1389585221706966,0.008752035444558715,0.4860925670823455,0.9667871741174702,0.9783568500894274,0.9919992130756107,2.1861033143607735,1.1385201969849468,0.23061553152709952,0.32338217934988794
156,0.13965881040667227,0.008742833540964057,0.4836293764445553,0.9671588473804187,0.9782422867221768,0.9921503405479658,2.1976749828972677,1.1473859473854828,0.22625941722298054,0.322849030726341
157,0.14191765521354682,0.008286741913252627,0.47889650836895314,0.9669324280203168,0.9779520182721259,0.9927603681124043,2.226994043354398,1.1604142132636275,0.20867591795613907,0.3158245230801384
158,0.1439868703373577,0.008284002618893282,0.4744380250324707,0.9668057415579714,0.9775982033876939,0.9926876284934011,2.2627317199274826,1.1663869124824344,0.2107725724550072,0.3162551988683675
159,0.14050680765194556,0.008185449560187408,0.48074751397093174,0.9672783345913255,0.9781278924130753,0.9927278967149672,2.2092295754267317,1.15351060949719,0.2096118769624399,0.31435655713216815
160,0.13456590633973065,0.008498615548887756,0.49388273845448916,0.9678774790464167,0.9790751348187665,0.9923206160093895,2.113551738737488,1.1167831355586766,0.22135137924954898,0.3150205709987811
161,0.13616132933816516,0.008276917864350253,0.48925060311419744,0.968028340496861,0.9787904344769238,0.992590478725249,2.142308382916987,1.129596643154355,0.21357282768388172,0.3122902744658982
162,0.1352720165627943,0.00830795526599104,0.4913538711833674,0.9682280238701996,0.9789805166549689,0.9926893172981203,2.123108807940979,1.122166902634252,0.21072389416852647,0.3104350776967728
163,0.13842355652946026,0.008072799308138201,0.4836995390973471,0.9680667745729217,0.9784195919810448,0.9928630274265261,2.1797659624604813,1.1386351604870788,0.20571685498943898,0.30807087455191784
164,0.13736030475206462,0.008169974378688494,0.4864595964701932,0.9680029746353593,0.9786310450432484,0.992784014522894,2.1584077848373107,1.135155662771219,0.20799433131030867,0.3096889321759218
165,0.13679087643276944,0.008076090654867585,0.4869248826450886,0.9681086837186169,0.9786865399143245,0.9928479747056196,2.1528024306217346,1.1334290766884716,0.20615073621457258,0.308140313110737
166,0.13598033139487598,0.007956916608236497,0.48824028311157763,0.9683326812724535,0.9788435499623256,0.9930697229285209,2.1369433626144763,1.133106649157088,0.19975904190089366,0.30535514291214216
167,0.13364267902716165,0.00791882381781761,0.492975440272719,0.9688276793818985,0.9792082265488957,0.9930605648593056,2.1001085812695734,1.1155665984514336,0.20002301506001077,0.30237237457296073
168,0.12814703060121246,0.008013070120796328,0.5046366667378941,0.9689546070625467,0.9800633620476306,0.9928795209244324,2.013734159998371,1.0839848714644489,0.20524144465513738,0.3038848178091998
169,0.1307530847604994,0.00796543356955226,0.49876211550102667,0.9689426466379621,0.979660454321606,0.9930336737913515,2.0544305428669953,1.100877480391987,0.20079812605698646,0.30251959677208584
170,0.13174260700543527,0.007815418222890003,0.49665162137795804,0.9690576582581054,0.9795656241906977,0.9933191058993078,2.0640090221704512,1.1119462518622305,0.19257080068095608,0.29945010950370266
171,0.12981020585493752,0.007873483713410678,0.5008991684232655,0.9692144799091367,0.9798870498161045,0.9932555227292135,2.0315428780128,1.1020970322115673,0.1944035287245944,0.29975688263355743
172,0.12674720518134563,0.007908567373306141,0.5075369489402108,0.9695791269666547,0.9803983775389721,0.9932398001864579,1.9798953482260466,1.0880483243850514,0.19485671696580212,0.29920566078776495
173,0.12460454416896027,0.007906945998911397,0.5124582063724539,0.9698153429362724,0.9807673594311617,0.9932307895457481,1.942625702135359,1.076983486582215,0.19511644063002595,0.29825306012777614
174,0.12204678079069708,0.00786449708903092,0.5177603174253997,0.9700411684098246,0.9811546315100965,0.9932080594980993,1.9035086245003077,1.0646110574758065,0.19577161393606263,0.29733947800040633
175,0.1215821590935775,0.007918917881397647,0.5190385216484592,0.9700453413945664,0.9812377608776458,0.9931321087261673,1.8951120007800528,1.0608978105989229,0.19796082704779017,0.29802478033008856
176,0.12004838043094423,0.007843408589906176,0.5222124606370568,0.97026108074146,0.9814801384088222,0.9931905476191617,1.870630244361939,1.0532880207857336,0.19627637819330598,0.2963374599761022
177,0.12129907042162813,0.007708509489020798,0.5183316619315235,0.9701024257443411,0.9812223887812137,0.9932863566488853,1.8966646856294298,1.0637210084954574,0.1935147685512016,0.2957503139561909
178,0.11914006668939692,0.00767273512428801,0.5234652909902123,0.9705410333465789,0.9816082623577526,0.9933590572000216,1.857688866116955,1.0497445691368652,0.19141924014867565,0.2930261171843799
179,0.11768719480915024,0.007668261494472972,0.5268847047760383,0.9706884285569466,0.981864799695513,0.9933909799523931,1.8317768742556733,1.0425420437752717,0.19049909534597886,0.29210608952228684
180,0.11797559502429067,0.007648206496014609,0.5258832492490932,0.9706579958487338,0.9817948035982255,0.9933793823995339,1.8388469495868915,1.0441120543002165,0.19083338444057926,0.29201011915911207
181,0.11666812140356342,0.007634754505488672,0.5286467483460175,0.9708616086171575,0.9820053097868524,0.9934060706709616,1.8175844125461946,1.0373710200854176,0.19006411887220387,0.29138046376966015
182,0.11412141899245398,0.007632663191543543,0.5345722503458483,0.9711584347046156,0.982427609065398,0.9933957639170362,1.7749293528023329,1.0224289159986326,0.1903612018413268,0.29030693487863796
183,0.11205952314139722,0.00775133318893495,0.5399833259253931,0.9713571327999686,0.9828078798235278,0.9933288793810289,1.7365194555305998,1.0106248343200968,0.19228908880645276,0.29125296174057014
184,0.11033950994692532,0.0077112444159865845,0.5439732735402272,0.9715223408015711,0.9830870101933339,0.9933221203841344,1.7083254158878827,1.0023576135555308,0.1924839108503546,0.2904170382689489
185,0.10791005449686963,0.007715153236858896,0.5501792455687657,0.9718180185686718,0.9835263055455004,0.993377778031799,1.663953638705614,0.9892165598348703,0.19087962890645838,0.2889096152405676
186,0.10767435688785554,0.007630513655385585,0.5501253854682929,0.9718403335384714,0.9835282940389197,0.9933992859258037,1.663752787532253,0.9897527321503207,0.19025968308677962,0.2881835563093524
187,0.10859914724096598,0.007620858854352264,0.5479348690923407,0.9718197053894242,0.9833865488374524,0.9934389295951543,1.6780700036492668,0.9940194828165327,0.18911698975356525,0.2874820592435592
188,0.11004884295334705,0.007530746323027415,0.5442606153262701,0.9717002053698448,0.9831603937787833,0.9935755012015571,1.700913181530439,1.0043971933379603,0.1851804352746444,0.28607319190762076
189,0.10964935391211839,0.0074674446314020315,0.544693723784131,0.9717464617435357,0.9832008608672068,0.993626900807191,1.6968257341629909,1.0033509991913174,0.18369888758620415,0.2849191718105557
190,0.10958770159095366,0.007433283986756578,0.5448423165200538,0.9718171972551726,0.9832193608702093,0.9936878487274896,1.6949571097692804,1.0023788172376027,0.18194211826239154,0.2836681973188851
191,0.11273026394110275,0.0072651489990676055,0.5365348392138118,0.9712200284401891,0.9826746231541057,0.9938661295039216,1.7499792729734314,1.0258237516266204,0.17680333423945907,0.2835193343641153
192,0.11113442362830028,0.007309205864657997,0.5398728326478488,0.97145511395639,0.9828585411161813,0.9936547527162437,1.7314023251573745,1.011316965158976,0.18289608120341647,0.2839430919632221
193,0.10958229707557621,0.00708060858596582,0.5428002029177708,0.9718935823696855,0.9830942319520833,0.9938636990010059,1.7075959698135894,1.0029771006224653,0.17687339131348098,0.27953970627554303
194,0.10808176509681289,0.007097527386576985,0.5462483420000925,0.9720120488268996,0.9833114037253872,0.9937879143442295,1.685660164010514,0.9908051757335538,0.17905781630432618,0.27992879293876727
195,0.11081224368172116,0.006941757717868313,0.5391133897323086,0.9719280977704785,0.9828776713054586,0.9940835930359327,1.729470047722884,1.0100811702465187,0.17053514231078457,0.27650256114698785
196,0.11083672510721954,0.006968889847485116,0.5389994232534541,0.9719540929247329,0.982880901209308,0.9940900808838038,1.7291438057692186,1.0098666352415897,0.17034813589511613,0.27679665993314423
197,0.11032699612178476,0.006947323761778534,0.5402396525581761,0.9720607530961204,0.9829909073922434,0.9941844159292308,1.718032443416286,1.008557796006247,0.16762901253283066,0.27541630149150914
198,0.10903561154145791,0.0069186877026368165,0.5433190416819786,0.9723315196708313,0.983214627301394,0.9942229500975873,1.695435231970477,1.0001087273547484,0.16651829957403377,0.2737067028904502
199,0.10777463115618957,0.006863664277261705,0.5466067167701238,0.9725996560833119,0.9834622890258929,0.994353621355781,1.670419736582584,0.9933016638300511,0.16275181735816777,0.27099986333928355
200,0.10760714570096752,0.00686402451901813,0.5470796557230538,0.9725519302438939,0.9835070726666078,0.9943905106181403,1.6658962884800428,0.9950663978893285,0.1616885173444254,0.2715025626266081
201,0.10574417436055228,0.006798661790526239,0.5512759332322866,0.972856870164665,0.9837924073779101,0.9943989753311969,1.637075568730036,0.9823804351502372,0.16144452955682367,0.2694421486221563
202,0.10613991160744263,0.006820042834078777,0.5504965648115863,0.9727768041315525,0.9837473199134227,0.9944250339786784,1.6416297050715256,0.9857581940832545,0.16069341233590173,0.2693555638986648
203,0.10754596464403221,0.006792898881030851,0.5469396953566208,0.9726731919970122,0.983516160687977,0.9944869928462006,1.664978337363025,0.9936659501423518,0.15890750336201312,0.2688864359133251
204,0.10945769982754427,0.006729818005624111,0.5416103294055477,0.9722927319519465,0.9831582600769685,0.9945077919924509,1.7011286997257282,1.0071365489089479,0.15830798656283485,0.269782755258377
205,0.10996952840969243,0.006638549548370065,0.5397953016709311,0.9720873829752587,0.9830294627581307,0.9945061843856555,1.714138092848052,1.0106686605201416,0.15835432439173627,0.26986803690317895
206,0.10733711813509217,0.006614120011363411,0.5463673426239968,0.9726532247630719,0.9835002144690788,0.9946010913936458,1.6665890124324576,0.9947875175248729,0.1556187147198167,0.2665565852002057
207,0.10843207236666785,0.006565711402799934,0.5437771226895786,0.9724456607691816,0.9833436217446409,0.9947229253916419,1.6824059279606023,1.003924446735451,0.15210695862989154,0.26590078740588713
208,0.1060278019767793,0.0065573630654398585,0.5493024700068228,0.9729282431470311,0.9837134009049869,0.9946780533913868,1.6450557524383638,0.986536182150974,0.1534003539280404,0.2644549209788966
209,0.10488297809752112,0.006471600589065929,0.5517695177696817,0.9731380740809382,0.9838933106733928,0.9947530553990704,1.626883659068266,0.9804002255428818,0.1512384880977158,0.26266953442504415
210,0.10452974305280804,0.006409140596588259,0.5525829013853378,0.973176784065545,0.9839655271872817,0.9948537538606188,1.6195893067666562,0.9805573958068461,0.14833594495372202,0.2612074678427222
211,0.10563870148052956,0.006410792166207102,0.5498509371523618,0.9730511571564345,0.9837843252501441,0.9948697525569216,1.6378919178459954,0.9860397398785379,0.14787479683335913,0.2610638351482098
212,0.10600568949485023,0.006329994261250249,0.5488557647897979,0.973043617553142,0.9837309083084408,0.9949738388834817,1.6432873872570202,0.9892961050559458,0.14487460150867337,0.25941791404572473
213,0.1062602930792309,0.006292287895121262,0.5479842632500024,0.972862133121242,0.9836838069302203,0.9950302314603419,1.648044942394069,0.9940271492824919,0.14324913588764043,0.259602744338971
214,0.10496259298679433,0.006303895932433079,0.5508980914521006,0.9730869916686165,0.9838763956820156,0.9949737317563413,1.6285921866562065,0.9840323005550883,0.14487768935273942,0.25929102990021946
215,0.10413429282516518,0.006242248518901761,0.5526392774233442,0.9732271470435292,0.9839938903575524,0.9949926388729425,1.616724436320782,0.9784669691727579,0.14433270861698783,0.25807582656942524
216,0.10343098480643675,0.006197389764565742,0.5543130251304634,0.9733574977628796,0.984123648951242,0.9950818995245586,1.6036179479905823,0.9758461524635624,0.1417598501205113,0.25661611121255273
217,0.10323421373959718,0.006161800261907047,0.5549784494625774,0.9735178568612914,0.9841815743203509,0.9951695449898866,1.5977670971709148,0.9741040873920567,0.1392335479250429,0.25477994059632986
218,0.10439304317242204,0.006145763802123838,0.5519804573443479,0.9731598089004179,0.9839932670947551,0.9952257565849774,1.6167873900439036,0.9845517880839176,0.13761329894174598,0.2554387373720116
219,0.10387244058392753,0.0060466704053396825,0.5530968370676757,0.9731893666430101,0.984079628791074,0.9953294238037648,1.6080642794367659,0.9845488140985702,0.13462518402398524,0.25394059772654476
220,0.10248090621189476,0.006087252111683483,0.55608179397784,0.9735187500389012,0.9842663919226611,0.9952023468080365,1.589199950415812,0.9699877281679995,0.13828806483704628,0.253657375822093
221,0.10129636304054657,0.00600565848617407,0.558973625113298,0.9737791953109728,0.9844716583013795,0.9952959463120215,1.568466669322384,0.9632633275253727,0.13559014279935774,0.2511833764244476
222,0.10168599973849268,0.006008747257510549,0.5576220853405339,0.9735739013429675,0.9843835126592159,0.9952700788629226,1.577369970425814,0.9662372214098547,0.13633574889780117,0.2520676318790089
223,0.10381972570257858,0.005914146873692516,0.5526635031698435,0.9728878503385272,0.9840816816227773,0.9954841433872506,1.6078569296651837,0.9879156443655974,0.13016553032736403,0.2520722872416945
224,0.09879328863098635,0.005951709406872396,0.5647831427316681,0.9739803653719239,0.984873428603617,0.9953575272035282,1.5278851738856187,0.9508737157811671,0.1338151286462562,0.24962808348623738
225,0.10170390681287245,0.006000376715746825,0.5578739236530994,0.9729064806682314,0.9844347588246806,0.9954013904946469,1.5721937639755632,0.9764550142535882,0.13255080848731793,0.2539481703799622
226,0.09858460678196934,0.005904578489207779,0.5645944226034099,0.9737610776512495,0.9848471519566654,0.995282172754779,1.5305392914807263,0.9489896324008246,0.1359871532752644,0.2503546828416833
227,0.10392426956877898,0.005962900006124983,0.5526430559314006,0.9715948076924387,0.9841001358960275,0.9955066624223508,1.6059929242832016,0.9989474358942593,0.12951643926942383,0.2579783651765895
228,0.09526494764395466,0.006018803816914442,0.5736380983891575,0.9740511082983399,0.9854335220814353,0.9952062916981795,1.4713119757481203,0.929077820424118,0.13817435690484495,0.25065922806486757
229,0.09823721108386962,0.005945757668087026,0.5662676260856425,0.9730008468759248,0.9850081103544844,0.9954394710838205,1.5142814136579321,0.9584419252102495,0.1314531695430357,0.25251942197595484
230,0.09474682252903222,0.005892435970963561,0.5747109507736456,0.9741616585274011,0.9855261649634613,0.9953557677488988,1.4619544232529438,0.9267501775547295,0.13386584335324467,0.24742202928141613
231,0.09592690548788596,0.006095529734011507,0.572926055584914,0.9733824643398855,0.9854269313341465,0.9953176366884937,1.4719776854323294,0.9399581969365217,0.13496493708566326,0.252730577489832
232,0.09475145988290024,0.005880960383365164,0.5743111374275881,0.9738188830616155,0.9854998813014781,0.9953342739183537,1.4646092494132967,0.9289476628231645,0.13448538380627056,0.2485658293409918
233,0.09462064629360611,0.005862608111783629,0.5752079659791716,0.9736338491411171,0.985603099361672,0.9955309705342038,1.4541835329892114,0.9365245089927867,0.12881577967326147,0.24854888744653247
234,0.09127512901523005,0.005791802772364463,0.5832987920371888,0.9745205179225951,0.9861000596217606,0.9955019668627116,1.4039872133142,0.9108530443579053,0.1296517845788568,0.2451948018928397
235,0.0948750134407419,0.005958857896985137,0.5748756543604345,0.973441504405129,0.9855562406965448,0.9953562228096418,1.4589165724758084,0.9327599490438909,0.1338527266340887,0.2509535911100107
236,0.09502285157850565,0.005548632801946951,0.5729373982282808,0.9732714865070003,0.9854826203217589,0.9957632472556482,1.4663527241445262,0.9440261103935931,0.12212061080006129,0.2448050642985008
237,0.09217132170260811,0.005971661716102972,0.5823267201732216,0.9738643978809928,0.9860308436804159,0.9953837914213989,1.4109784876622171,0.9161500323735171,0.13305808604261848,0.24892894465772458
238,0.09368895214265649,0.005586792145550135,0.5767795986380746,0.9738595680893183,0.985734477477517,0.9957842548374394,1.4409134620582345,0.9305721734730898,0.12151508603273102,0.24149588995940696
239,0.09162850554048418,0.005947770772763761,0.5843310246026028,0.9741095744015039,0.9861578096032272,0.9954543144234622,1.3981540778228314,0.9108396891246323,0.13102532354570007,0.24662413565288754
240,0.09171475853099764,0.005586821847828105,0.5817460745614471,0.9742766604209225,0.9860469304972247,0.9957618652369208,1.409353611260757,0.916673052234008,0.12216044625455287,0.24066632784078826
241,0.09218967866672756,0.005857297393959016,0.5823897485549715,0.9740288473577217,0.9860448676597517,0.9955156652236182,1.4095619716821872,0.9138352868042738,0.12925694157011547,0.24549851487226151
242,0.09333114289165678,0.005730251550630783,0.5784157624122864,0.9733069206178211,0.9858469656626193,0.9957267292675405,1.429551400838179,0.9319691664742897,0.12317320916536825,0.2459354983368008
243,0.08930278427351368,0.005769989342297777,0.5890450427680026,0.9742568644133262,0.9864790414043662,0.9955605169115924,1.365707511216321,0.8997103585380424,0.12796413175530474,0.24439933325766494
244,0.09021491519433766,0.005741208135077613,0.5871168109877927,0.9740824186236162,0.9863407435091436,0.9955324736251904,1.3796765262794923,0.9019228613744332,0.1287724544191259,0.24390380205975182
245,0.08861155201293514,0.005774182840468711,0.5911346140200551,0.9743495658158953,0.986580246265332,0.9954709043326734,1.3554851414179796,0.8926150200910513,0.13054713424171435,0.2446793398470632
246,0.0888853442834261,0.005683817624230869,0.5901696170377568,0.9741401028953377,0.9865491700298565,0.9956109836271864,1.3586240496476722,0.8967036087460812,0.12650947378839245,0.24272954623067383
247,0.08628395048117454,0.005792992991700885,0.5981903434383125,0.9746822760747926,0.9869985653221949,0.9954705365182711,1.313232110761779,0.8773414154194986,0.13055773616308458,0.2433539907259763
248,0.08828381394960161,0.005592967614575173,0.5910046727642899,0.9739371671679065,0.9866377155993308,0.9957554273182148,1.3496803532033292,0.8994434823020435,0.1223460135066677,0.2421800021496805
249,0.08597443904182,0.005669957916325075,0.597676168357083,0.9744697870465138,0.9870222683562975,0.9956634301104266,1.3108379453271668,0.8820296495290099,0.12499775078870824,0.24175499696331068
250,0.0859622952607424,0.0058316855702287285,0.5994112965832026,0.9745341084880227,0.9870627744043826,0.9954500480773466,1.3067465627725672,0.8760590251776355,0.13114829715897625,0.24400009124033378
251,0.08508362119255253,0.005827038652569172,0.601890949758686,0.974686645777938,0.9872104405281433,0.9954630284936132,1.2918312937888106,0.8705955760996082,0.13077414826273973,0.24332706989162942
252,0.08461527402414504,0.005679836531271576,0.6031043961494631,0.9748205282726388,0.987268664438681,0.9955020177515962,1.2859502882823344,0.8658779350561645,0.1296503177522461,0.24091109410141773
253,0.08208472884871298,0.005728882990297279,0.6106131600526095,0.9750243369796814,0.9877134399918474,0.9954740611532669,1.2410249740401302,0.8516583594739136,0.1304561417098582,0.24117489703572384
254,0.08126472775393268,0.005643797578159138,0.6124607265329169,0.9751889312316295,0.9878273158942429,0.9955316709928913,1.2295227440652285,0.846714145078253,0.1287955895777044,0.23924670786376157
255,0.07927541617846146,0.005643740261803032,0.6183496935569659,0.9754552048126013,0.9881642131134485,0.9955273492069551,1.195493865156779,0.8341234179587438,0.1289201611942543,0.23876740064274476
256,0.07911371392810906,0.005572573632889544,0.6182816191048526,0.9755150587598642,0.9881715260775106,0.9955880725993911,1.1947552067341427,0.8341461408398252,0.12716986368538324,0.23752165074855314
257,0.07798149214386285,0.005511481534995255,0.6213048642953032,0.975695578177533,0.9883474483949906,0.9956319173737881,1.176985872653742,0.827439005355841,0.12590607725439948,0.23635474197111478
258,0.07903408637548637,0.00554589813509665,0.6182910330613707,0.9754625378205031,0.9881750754839134,0.9956238548370605,1.194396692879492,0.8351607103881269,0.12613847266880562,0.23700408276355273
259,0.07692627660526341,0.00559656416226062,0.6249959571730388,0.975709653008496,0.9885475108109519,0.9955901987650714,1.1567782267048279,0.8213340750487284,0.12710857886013988,0.2373459159735842
260,0.07664486268777182,0.005431244919236633,0.6247663782427524,0.9759494568915333,0.9885988082636066,0.9958411532798613,1.151596839904384,0.8218999889818124,0.11987503928905387,0.23229379860647958
261,0.07755613113022264,0.005618788894935278,0.6234187692262569,0.975579188055881,0.9884620121376976,0.995621151562493,1.1654141661936253,0.8258411926728635,0.1262163921418709,0.23710526610998647
262,0.07723385455528842,0.00555017414080794,0.6244699419487744,0.9756513127402516,0.9885225770605542,0.9956761690049298,1.1592967027403933,0.8230726625851272,0.12463056354141654,0.23527794470478708
263,0.07617565944656235,0.005516904479009099,0.6275986778793281,0.9757361587422242,0.9886862879350244,0.9956553483990611,1.1427608063133474,0.8164600772567567,0.12523069889491673,0.23513366222573667
264,0.07381969296648094,0.005436085053588613,0.6337130116875184,0.9761731731958634,0.9890614006667356,0.9957636288521018,1.1048719043078135,0.8027881794846229,0.12210961162337994,0.23270410762077973
265,0.07369429171967568,0.005448569821965066,0.6342563908592903,0.9761497111196178,0.9890859359602363,0.9957576611177161,1.102393675091531,0.8021313433778313,0.12228162623274094,0.23268766015735093
266,0.07475921676905273,0.005231843735600705,0.6298747322287725,0.9760654207342361,0.9889335083853412,0.9961308065108547,1.1177898825777368,0.8141764125538703,0.11152604381456176,0.22682455422055192
267,0.07573822541962727,0.005408903089119121,0.6277317990678193,0.9758490750137607,0.9887179733710165,0.9957853805261988,1.1395603647452073,0.8164454138332013,0.12148263906044525,0.23331387208262652
268,0.074644374376021,0.005390762193201226,0.6312749713866401,0.9760092504331555,0.9889186445398792,0.9958193698753226,1.1192912306699943,0.808895126200306,0.12050292645360886,0.23196065560695792
269,0.07314931053178952,0.0053759232669108314,0.635672804425718,0.9761876566787288,0.9891668207338109,0.9958360603622819,1.094223770418534,0.7998576629647454,0.12002183808593309,0.23133393170765518
270,0.07317826420194251,0.005319365562172607,0.6353543670577142,0.9762416613511468,0.9891524230761659,0.9958793034777816,1.0956780304142828,0.7996692764373159,0.11877539393486537,0.23003876606136314
271,0.07265904476935248,0.005265360217890702,0.6367123296286892,0.9763522659996747,0.9892296113916742,0.9959192303324215,1.087881492800307,0.7965360156758187,0.11762453803881456,0.22909982345349333
272,0.07423607076725602,0.005255049338302342,0.6319514091452336,0.9760108169473676,0.9889581724852681,0.9959161321683825,1.115298643048432,0.8079216826311395,0.11771383984791764,0.22978675643138594
273,0.07157524993544939,0.005193071528992732,0.6396643479680353,0.9764576549198523,0.9893890815401288,0.9959556531172422,1.0717739381458862,0.7906693849655635,0.11657468382315808,0.22808758096443757
274,0.07092380403355492,0.005173796474991832,0.6413628525103048,0.9765689089760922,0.9894931656253824,0.9959978633719049,1.0612607473818336,0.7871897952911109,0.11535801096248773,0.22736119823034248
275,0.07187620484546642,0.0049451326249254635,0.6371133903548003,0.9765349435440465,0.989355798475119,0.996371484780052,1.0751357509610642,0.7980715341404757,0.10458870783717929,0.22079302422513927
276,0.07208154849558923,0.005156746281500091,0.6375747718474946,0.9764699482866211,0.9893088790817136,0.9960907082773688,1.079874924411095,0.7955059114027199,0.11268183955266196,0.22660857453227762
277,0.074012878783833,0.005159676114999456,0.6323035495947285,0.9761082189223643,0.9890015833460667,0.9960804929812659,1.1109138549254804,0.807134949147295,0.11297628633180468,0.2266798163104963
278,0.07082897174723257,0.004963952960679308,0.6410955987786205,0.9768273823806773,0.9895577976585782,0.9963677309065402,1.0547324785038263,0.7876556524925741,0.1046969098857261,0.21955152359738012
279,0.07004145407881879,0.0050795065853890264,0.6442140179443259,0.9769045339067787,0.989685101222891,0.9962193234102756,1.0418739646080106,0.7802229885124615,0.10897462331030539,0.22273433356513944
280,0.07329813800515694,0.00485349493646936,0.6331881245803284,0.9762857157122998,0.9891734323025443,0.9965718703768174,1.0935559576287663,0.8079784570581023,0.098812772126712,0.21753093457983688
281,0.07251962988448213,0.00497712945798412,0.6359689274346807,0.9765991072459282,0.9892561899817528,0.9963224444084604,1.0851968769240616,0.7971234799011948,0.10600225271317133,0.22129898041403706
282,0.0752899730050558,0.004797705976670841,0.6260671135118104,0.9752426241177632,0.9888017479814932,0.9966202695540994,1.1310985671612497,0.8294881580081802,0.09741770910355349,0.22120304012369438
283,0.07189657158323826,0.0049502673391543794,0.6373372571886667,0.9765981221734363,0.9893384099441929,0.9963548688445758,1.0768921092197572,0.795095066277492,0.10506764732499059,0.22112454778369572
284,0.07168055013517005,0.00479137870388513,0.6373624530161759,0.9766042298375315,0.9893905349003348,0.9965644911926448,1.0716271390165402,0.7958474153406032,0.09902547051454236,0.21666377526988856
285,0.0716852127866332,0.00484761367624742,0.6376481633906813,0.9766481440578952,0.9894020123903541,0.9965441371505523,1.070467835538294,0.795335648931227,0.09961215758423014,0.21742298857228765
286,0.07027325836861564,0.004922522537526675,0.643220211079363,0.9770341252808165,0.9896617587303806,0.9964566007509106,1.0442317129234522,0.781160185844389,0.10213531605878066,0.21758647668597458
287,0.07245127125224826,0.004730479213321814,0.6350965443749916,0.97621722235174,0.9893036187296957,0.9967280234329399,1.0804062552491907,0.8053165056847597,0.09431179986265856,0.21510089363163806
288,0.07107555715856506,0.004846719335546368,0.6398928059156115,0.9767972798053718,0.9894950010727062,0.9964993403914412,1.0610753548907008,0.7887578951283303,0.10090338412366327,0.2175004224324327
289,0.0716453093355085,0.004652578021705267,0.6371642254213736,0.9762856298751177,0.9894285100244867,0.9967945978642844,1.0677913967556023,0.8014431870032243,0.09239285138725144,0.21350692075744004
290,0.07078662448657269,0.004708200080131064,0.6397840377007772,0.9767432759399634,0.9895406191683161,0.9966904653238272,1.056467621246569,0.7908600821052073,0.09539437878620853,0.21425339771189833
291,0.07117562836901925,0.004643392348953057,0.6382393626458316,0.9766244679578183,0.9894821268566449,0.9967886412845716,1.0623757370678533,0.7960325742659353,0.09256454447313504,0.21286162903085934
292,0.07172785029206352,0.004689878865974606,0.6367234503989531,0.976651663107775,0.989361798930508,0.9966699748945861,1.074529664718176,0.7958750621370786,0.0959849970935478,0.21489547575395226
293,0.07368078230319952,0.004588715304635116,0.6301402063841336,0.9756302019056928,0.9890543955862754,0.9968381831793379,1.105579464421512,0.8181745381015443,0.0911365436399198,0.21501659692441427
294,0.07088294030518227,0.00466765928103996,0.6395439391145067,0.9768765036334572,0.9895082979729561,0.9966950945581072,1.0597322787752872,0.7888347952449632,0.09526094524596573,0.21358547362081107
295,0.07238691397560615,0.00454785917463596,0.6340063810111701,0.9761171687763598,0.989270868104287,0.9968929446927148,1.0837142880932638,0.8078937601271168,0.08955809196585487,0.2122970254936456
296,0.07106056534212257,0.004614147059328388,0.6391042878273276,0.976896207013644,0.9895221912746693,0.9968501128601389,1.0583289621116756,0.7914973009056843,0.09079268125427353,0.21036068085517773
297,0.0711605226492793,0.004562940426694695,0.6386213528747038,0.9766415925985666,0.989528093864351,0.9969607725400826,1.0577327609616665,0.7966521584233778,0.08760301489394955,0.20918233031891087
298,0.07194650454493967,0.004553054999632877,0.6359417828720677,0.9763436965507163,0.9893900844530841,0.9969733019494303,1.0716726372102823,0.8044013937112021,0.08724186586901572,0.21050408294596945
299,0.07056508876257794,0.0045463343303708825,0.6402724852830167,0.9770603104991941,0.9896041793983957,0.9969472635155164,1.0500476116725184,0.7887669109204752,0.08799240045191914,0.20815336538139842
300,0.0715503500732666,0.004501910092585604,0.63753922166682,0.9767753817218432,0.9894827888282871,0.9970574003398551,1.0623088734917616,0.7980664778592677,0.08481780493705317,0.20675527335805086
301,0.07117654458852485,0.004518452786214766,0.6382775679275229,0.9768509199424347,0.9895077386127923,0.9969898415427166,1.0597887779037958,0.7940503771970013,0.08676512687659028,0.20813361749329176
302,0.0710023921010361,0.0044945935751457,0.6389325441390259,0.9768732602794009,0.9895506582543493,0.9970368399672911,1.0554536062191406,0.7931691092217003,0.08541043929815287,0.20687267940634957
303,0.07100178707150917,0.004437132578459568,0.638758046363888,0.9768503501844472,0.9895572819364454,0.9971124856966048,1.0547845698984801,0.7958756261448117,0.08323001876723446,0.20595565401480256
304,0.07105728855367488,0.004468927039852133,0.6389561185005643,0.9771364908483046,0.989527954538509,0.9970163393272943,1.0577468338062528,0.7886052569252608,0.08600135192139882,0.2059531669302493
305,0.07212390318727557,0.004442833494977094,0.6350209013536001,0.9765252865295586,0.9893445373064634,0.9970694879079538,1.0762732045305854,0.8020625837187858,0.08446939159117925,0.20760051855707037
306,0.07242557505242075,0.004417628924784367,0.6336782505643708,0.9763670922549493,0.9892719143819526,0.9970646630967436,1.0836086070310351,0.804936432903999,0.08460846246161528,0.20818574638782295
307,0.07221191886537781,0.0043722415448428364,0.6343949315131591,0.9764846596819822,0.9893224776122326,0.9971334930507869,1.0785013816153004,0.8040587778982905,0.08262450056053107,0.20639527619294648
308,0.0730628666588018,0.004416039075294975,0.6319888899063143,0.9763727467807486,0.9891697221970102,0.9970668133408928,1.0939307031735839,0.8064691482018382,0.08454648359602998,0.20752093792530543
309,0.07378496427645587,0.004354261507614865,0.6296141909039654,0.9756572902699645,0.9890693186637111,0.9971526677333904,1.104072133502605,0.8192654819716227,0.08207180747393301,0.2086642228742288
310,0.07181877456514485,0.004353019028712879,0.6356797751080764,0.976739724621472,0.9893799715931723,0.9971350216257219,1.0726941038942979,0.7974369150886179,0.08258044075435865,0.2047452183339272
311,0.0711284829953911,0.00429979880573228,0.6383854413270047,0.9771187368751392,0.9895414093590849,0.9972455538752315,1.0563878066786536,0.7914586109867773,0.07939444746239313,0.200847022212916
312,0.07046707826884813,0.004274293074558955,0.6403023246214373,0.977439245111673,0.989642497311829,0.9972586751666689,1.0461772453948874,0.7858851421017449,0.07901623796528545,0.1997564384956418
313,0.06960877914616503,0.0042329925527155865,0.6426172835530176,0.9775290898797212,0.9897763141567363,0.9972965683553764,1.0326608464706113,0.781606037866029,0.0779240006719271,0.19879458161231395
314,0.0695961090855235,0.004245163807354402,0.6426158735656258,0.9774354832413553,0.9897750627639917,0.997287136771552,1.0327872455316376,0.7822070874497409,0.07819585764516548,0.19960034347362193
315,0.06980732686861302,0.004245302136041573,0.6423636516336897,0.977398697059181,0.9897548266627758,0.9972948877019002,1.0348312274899327,0.7814259924306539,0.0779724440061118,0.1986260902094522
316,0.06938845143758954,0.004205432891467353,0.6434398604054232,0.9774500398614697,0.9898162889099137,0.9973155826937453,1.0286231282654004,0.7795116932293076,0.07737592936456292,0.19824597663117513
317,0.0689175688207797,0.004173263923803461,0.6447094895692791,0.9775391878972876,0.9898910235369263,0.9973516741416485,1.0210744296478356,0.7768538101141661,0.07633562563938909,0.19713053704567393
318,0.06859733921646693,0.004177278799033957,0.6451335091647021,0.9772228524725188,0.9899210595359605,0.9973355320381584,1.0180405922761875,0.7780412906678813,0.07680090734373947,0.1991857517080867
319,0.06783832931478173,0.004139783206483116,0.6478436695521939,0.9775679835728434,0.99005859048745,0.9973721457197581,1.0041490436744016,0.7702587184512848,0.07574555069906434,0.19642453279099578
320,0.06967418521071522,0.004168966604993329,0.6423388359081115,0.9769027922609896,0.9897547137541157,0.9973281033083308,1.0348426320219448,0.7825157857691387,0.07701503384079153,0.1987816451741702
321,0.06522019446356353,0.0041403567793167895,0.6564437695440974,0.9779060310145368,0.9904944168570571,0.9973569478352604,0.9601276569991452,0.7515231771474757,0.07618361613495933,0.19537907327563037
322,0.06535841093091221,0.004063893866259605,0.6558558027463457,0.978123222948613,0.9904766562086943,0.9974380458655379,0.9619216016149469,0.7516498728083394,0.07384603790234538,0.1927013258242634
323,0.06565310545602188,0.004087791774509242,0.6543725757127133,0.9776783390802999,0.9904169208638767,0.9974395929719936,0.967955272121777,0.7582753466162856,0.07380144394165006,0.19512483075188905
324,0.06599939535954036,0.004057076082972344,0.6536393437399656,0.9779624909242991,0.9903705710351831,0.9974656063756657,0.9726369157155088,0.7569294062443296,0.07305163083309538,0.19282599999428243
325,0.06716437676186615,0.004029948915558634,0.6498607418879176,0.9776284325874048,0.9901647363012127,0.9974546731032427,0.9934276045016867,0.7645783422540551,0.07336677263789594,0.19345326519157682
326,0.0673201299809989,0.004019847216113703,0.6490474878751523,0.9773026410131954,0.9901238684639758,0.9974458214061673,0.9975555301873433,0.7675165928249,0.07362191489393005,0.194655676813755
327,0.065541373443466,0.003963613915402675,0.6544504115492251,0.977716780642091,0.9904120264474262,0.9974927801445987,0.9684496410130253,0.7556447718405273,0.07226837123309496,0.19232249342103044
328,0.06371449837388354,0.003913223141353228,0.6604914253315808,0.9783324611107853,0.9907268807176186,0.9975535711064418,0.9366472478099899,0.7414968478186035,0.0705161260964643,0.18887912412734917
329,0.06378882128365149,0.003928258973246557,0.6596918439331849,0.9780558926167349,0.9906973284828845,0.9975463325090155,0.9396322217424296,0.7452731528826009,0.07072477219699799,0.19078667378586495
330,0.06582820702578829,0.003968533799707075,0.6540762402341829,0.9776081161335688,0.9903928044305976,0.997527707405038,0.97039119364613,0.7563697870904751,0.07126162417094753,0.19134280783514604
331,0.06271231586742942,0.0038664966632495634,0.6635555283056256,0.9784626425918511,0.9908850495413474,0.9975897682022574,0.9206711356816337,0.7353181935824333,0.06947277716464786,0.18771379815844844
332,0.06976065475555515,0.004066683595738141,0.6407826030529642,0.9745920040256006,0.9896981909601914,0.9973505923854218,1.0405518133400709,0.7960261188136298,0.07636680629568597,0.20584670226213125
333,0.058338481524060626,0.003803195751970634,0.6778101467352257,0.9789574595768626,0.9916057378671133,0.9976538320273091,0.8478767806969069,0.7070839726747047,0.06762619467150316,0.18490921926042642
334,0.06914026512185956,0.004084923377376981,0.6423216075745666,0.9733653831944095,0.9897831485541283,0.9972812087891405,1.0319705264916736,0.7987786574700093,0.07836672643940372,0.21180619984552504
335,0.06281835459321883,0.003920396231478662,0.6617905386392264,0.9752823724583145,0.9907938065716491,0.9973922024099555,0.929887287641663,0.7511834605879293,0.07516743453196084,0.2014141760546804
336,0.05185286965797786,0.003763182803595555,0.7006390328712206,0.9797496426746682,0.992656916171892,0.9976081747431634,0.7417007210403365,0.6596972453422124,0.06894222507586774,0.1834142034979689
337,0.06233739865911048,0.004032282206026139,0.6645859758567934,0.9746491008246652,0.990943946990219,0.9973701692278396,0.9147220982856071,0.7511355036929459,0.07580252131191084,0.20514813032693754
338,0.059539532572671305,0.003834839100818499,0.6711514796966906,0.974701634685221,0.9912522384166361,0.997315220415037,0.8835825963247552,0.7374500819252124,0.07738637172450673,0.20568555206567782
339,0.052670021421363344,0.0037448663570103236,0.6962435816885645,0.9780697911165054,0.9924361874871749,0.9974617669309308,0.7639957987544661,0.6755746586767508,0.07316229939565956,0.19082638918717862
340,0.04927414305802813,0.0037245847088343,0.7088183187766663,0.9788388442046115,0.9929883997006507,0.9974453614574593,0.7082186611798469,0.6482916017114038,0.07363517250430966,0.18872814462055232
341,0.043429182061572646,0.003689282151754014,0.7327391533811805,0.9805021449517516,0.993990542373672,0.9974908721294953,0.6069955292417365,0.595880983249259,0.07232336806295792,0.1850415935961101
342,0.047023772848206136,0.0036143706493021455,0.7173750323730834,0.9798550898021705,0.9933617033163552,0.9975517177679711,0.6705124920258055,0.6283524034956325,0.0705695469212587,0.18423009818550362
343,0.04367365791904376,0.003540393205184955,0.7309689081317217,0.9809093958563306,0.9939656381967277,0.99772140671429,0.6095110181601436,0.5967885261808769,0.0656784147214612,0.1783180646684339
344,0.0491274285172949,0.0036017986476508668,0.7094329511940876,0.9797734930136837,0.9930312500487573,0.9976273284806841,0.7038904885984896,0.644250819668168,0.06839013571255695,0.18352008802024852
345,0.04753595237116315,0.0036397510975803016,0.7170787450197895,0.9803315337936543,0.993353124238919,0.997650097478651,0.6713790363917959,0.6259003579473408,0.06773383969841698,0.18038161231801586
346,0.046399939540151536,0.0035718383278435795,0.720537024504497,0.9803455999351202,0.9935020274424636,0.9976545561433103,0.6563388140520351,0.6195154536870341,0.06760532267502542,0.18120989000461593
347,0.05079150923438647,0.003648920464911498,0.7035270426630438,0.978839039016733,0.9927771365268938,0.9976183701613534,0.729557658796212,0.6591636146032586,0.06864835125980097,0.18496494019999626
348,0.04375911712759262,0.0035221924063080223,0.7314804126910378,0.9809132479043672,0.9939752907518833,0.9977491598245987,0.6085360453440346,0.595141197073187,0.06487845612415741,0.17774925284660845
349,0.05365721115958877,0.003625058207035181,0.6924651284364238,0.9781259372751385,0.9922818457104452,0.997610180957498,0.779585353465642,0.683420381753078,0.0688843977409434,0.18803876353346727
350,0.04628058844082261,0.003622683616413269,0.7235885294606962,0.9805904864003705,0.993604989559282,0.9976848060106157,0.6459389496256269,0.612636249437451,0.06673339728903739,0.1787033542053585
351,0.047179166411751794,0.0036893307715217816,0.720614607851972,0.9799195711641597,0.993441256548067,0.9975709397791647,0.6624770820123874,0.6237014591619172,0.07001548963035654,0.18575444164904045
352,0.053199283259345975,0.0036512909409793792,0.6945686544534821,0.9777743851494428,0.9923841401696106,0.9976272426538284,0.7692529269405648,0.6812022975867722,0.06839260959495737,0.18850198843990232
353,0.04288926658909986,0.0034654950595722767,0.7360034750958615,0.9810303479795691,0.9941467811565534,0.9978055493355633,0.5912143641848974,0.5860105835653623,0.06325307887482351,0.17630718992381422
354,0.047585565397639584,0.003514710464514792,0.7163314403258034,0.980148383466265,0.9933129892649609,0.9977209783699736,0.6754329379705427,0.6293152558208133,0.06569076136350194,0.18150253273953376
355,0.05347440327750519,0.003575278655262082,0.6929699062331852,0.9775931313124381,0.9923207504809223,0.9976748835360392,0.7756557106901754,0.6840684169894365,0.06701940374942025,0.1873851226691027
356,0.04396058690826976,0.0034369991517451126,0.7309396414657052,0.9811044020616362,0.9939526971903031,0.9978537155775125,0.6108181466119996,0.5957238041506467,0.0618647300044279,0.17351523382566628
357,0.05012831207613999,0.0034602469349920284,0.7064233434963911,0.9795654191461385,0.9928745854387071,0.9977277152065315,0.7197146650556466,0.6509613733635702,0.06549657807149958,0.18068853851051725
358,0.04646175128982577,0.0033913229581230553,0.7191783526479465,0.9802009498852673,0.9934637457924983,0.9978127785694845,0.6602055174761748,0.6231807998334994,0.06304470266895486,0.17656590827630864
359,0.043078324468751816,0.0034582064199639717,0.7352672173135463,0.9805907057060307,0.9940598449100412,0.9977201531651458,0.5999955082153957,0.5937609170838061,0.06571454715504645,0.18015408851124837
360,0.053240246892528376,0.003563308811862953,0.6930370177537913,0.976306794297687,0.9923140347900286,0.997592663715355,0.776334040516552,0.6904066313484549,0.06938931658778455,0.19425353864378053
361,0.04228362118237783,0.0033051897771656513,0.7364240108439352,0.9810071309735761,0.9941536322130471,0.9978402031309268,0.5905223615249445,0.5873946102607186,0.0622542141990468,0.17443625371757615
362,0.04860352009291091,0.0033763500814529834,0.7098289148458294,0.9778747073434164,0.9930615261919848,0.9977169805843438,0.7008323950525224,0.6529352767307699,0.0658059939608294,0.18612583291342624
363,0.041313446889944316,0.0033483588213130133,0.7420816027677095,0.9811900394038279,0.9943553187170132,0.9978265483296286,0.5701506717938329,0.5766335191859846,0.06264780164101275,0.17250350966811412
364,0.04505053482898802,0.0034285178007849026,0.7252847339259901,0.9790784982110523,0.9936938493098353,0.9977239503831711,0.6369635187849061,0.6192386652260814,0.06560509573964408,0.18191855098856796
365,0.04127236348131191,0.003410839117350406,0.7426930040772788,0.9808201424562544,0.9943629813026447,0.9977620176003648,0.5693766992475741,0.5787488451090316,0.06450784223072575,0.1740656906415198
366,0.03873480771881077,0.0033503851391287753,0.753204449123448,0.9813192358484196,0.9947889835019375,0.9978395535348209,0.5263476196705706,0.5552310529227239,0.062272938226155164,0.17264510812321046
367,0.03842752207901867,0.0033867757447296754,0.7551456636219296,0.9811001382813666,0.9948161559458726,0.9977407131469169,0.523603020571488,0.554997143641206,0.06512192405820241,0.17607256652136521
368,0.037415166008941014,0.0033453459946031217,0.7584942415999164,0.9812782727157552,0.9949688984701872,0.9977834304560544,0.5081750010813603,0.5471096346530911,0.06389063580552574,0.17431486461351411
369,0.04253745752066607,0.0033984054116444895,0.7346467991768593,0.9780819411930275,0.9940881603297499,0.9977004575833417,0.5971354608965641,0.6060942923825005,0.06628225469549595,0.18474838632101245
370,0.033418332103792636,0.0034015495348285185,0.7797739645967802,0.9815557268811534,0.9956808899663842,0.9977192302719039,0.43625908421787357,0.505807861904233,0.06574114872781034,0.17719607385529862
371,0.036962618635243416,0.0033606951055844547,0.7618474340865357,0.9809423240517567,0.995030696279399,0.9976841688441095,0.5019330078365579,0.5449666457426698,0.06675176304404068,0.1789363798144106
372,0.03435830031276055,0.0030958486859162804,0.7709317762652919,0.9815973735956282,0.9953975015738822,0.9978405551181847,0.46488321271393546,0.5212928607465889,0.06224406848096532,0.17300454182376454
373,0.04000179043759999,0.0032836804293765454,0.7459822665580775,0.9789701670014741,0.994494220687779,0.9977249753394383,0.5561206410489031,0.5838211671782465,0.06557555229140576,0.18115460083660923
374,0.03391644598968924,0.003434602276684018,0.778557454147623,0.9813602530350015,0.9955913227424138,0.9976401255796485,0.44530597461916016,0.512913619894533,0.06802127077369853,0.17818407164310396
375,0.03829557336939615,0.0034022087857010774,0.7545076732757275,0.9792313547151961,0.9947957101749463,0.9976443086105152,0.5256681805769114,0.5676964315433806,0.06790069864800234,0.18255063134083221
376,0.02909148011394791,0.0033628546825639205,0.8013342360936639,0.9812186769128383,0.9963469554281814,0.9976402768054856,0.36898200488178634,0.4687241782810771,0.06801691182411869,0.18336983312827082
377,0.03314760316970933,0.0033373868336639134,0.7809903914044337,0.9809304139451234,0.9956775358121062,0.997697118028454,0.4365978762982381,0.5087496212752461,0.06637851438004676,0.1819702932858841
378,0.033487853498172626,0.0032900955757213524,0.7777922768593589,0.9809517296023893,0.9955790474068198,0.9976967104482714,0.4465458658520883,0.5164088938466325,0.06639026251448997,0.18216270422496264
379,0.0432345019053173,0.003366174803886679,0.7336934127595817,0.9770555009862394,0.9940137480377337,0.997696403489291,0.6046516015174133,0.6173248691123996,0.0663991103327226,0.18959485776148058
380,0.03282895688334975,0.0034636919226613827,0.7877249280940029,0.9799696131940052,0.9957773709440495,0.9975048668719821,0.42651385831875155,0.5068529869782243,0.07191998212008664,0.19040317086515274
381,0.043616871462290874,0.0033533515543240355,0.7321330240900776,0.9776715445823088,0.99395102311244,0.9977201388528382,0.610987239705207,0.6174692561048689,0.0657149596945234,0.18713737737267697
382,0.03744859480411833,0.003343746360769728,0.7593216467510497,0.9802785704249756,0.9949340982584153,0.997700471729405,0.511690055895902,0.5572102601365148,0.06628184694786593,0.17997995119963778
383,0.0335674969246611,0.0032209514974965714,0.7781861239844695,0.9811003272809458,0.9955504324004797,0.9976956008600786,0.4494361734301926,0.5180128082151391,0.06642224540233314,0.17963651313028992
384,0.0331134969969753,0.0032552524280617945,0.7809206780190632,0.9808736874553311,0.9956255527023756,0.9976607319683172,0.44184851906244965,0.5140043463370843,0.06742731003951437,0.18188177304281963
385,0.037576621783045994,0.003292984607469407,0.7579573233903131,0.9794393675303583,0.9948857822794666,0.9976699504576323,0.5165702938535478,0.5650812111000462,0.06716159532502672,0.18144875544479758
386,0.031190703940865205,0.0034525337905506603,0.7954921016011003,0.9808334933710098,0.9960287860524669,0.9975173892866894,0.4011192459789321,0.4911876463650918,0.07155903470941335,0.1859399817208554
387,0.038147432625919464,0.003272388423283701,0.7558479583202964,0.9785384585661445,0.9948604137877776,0.9977840570511451,0.5191326816755902,0.5700186800786307,0.06387257476212435,0.18180892028751577
388,0.0299642349395981,0.00342959190311376,0.8020009506543647,0.9811798296933343,0.9962569942024053,0.9975881930889666,0.3780686921082707,0.47622699323622397,0.06951817839732626,0.18297765599604623
389,0.03612025647362316,0.0032521772554900963,0.7651525410200101,0.9793816005626337,0.99520649919854,0.9978395566425149,0.4841757337892705,0.5494359877821462,0.062272848649651553,0.17807226360806527
390,0.03474586446827743,0.0033429571867600316,0.7741880389338445,0.979977562852557,0.9954483384838773,0.9977232582500898,0.4597483438112469,0.5322629951941961,0.06562504585704182,0.17711570546287125
391,0.026873134205288807,0.0033526448787597474,0.8185415238284234,0.98145778393775,0.9967711373819902,0.9976579591051797,0.3261367823081419,0.440383278928374,0.06750723534090293,0.1815090200585919
392,0.02639374437603692,0.0033576271271158475,0.8203532385432171,0.9810730791115636,0.9968132497303296,0.9976282186430274,0.32188315265346645,0.4384787733735226,0.06836447757868934,0.18512913741609394
393,0.027484019692565198,0.003421205543418182,0.8146040168794795,0.9805822045857095,0.996617168381879,0.997550501190788,0.34168868408042014,0.4544104310846921,0.07060461367111463,0.18941857868341702
394,0.02814296149290385,0.0036019403851241805,0.8149417839467786,0.9799592253208165,0.9965599131061565,0.9974048900439344,0.34747185097334843,0.46124922065888746,0.07480172482346313,0.1955857275580894
395,0.035783341534624924,0.003344579397889902,0.7678928994127586,0.9797992246868427,0.9952627023060266,0.997772532841339,0.4784988429456714,0.5451483108329318,0.0642047498087764,0.17920930739868457
396,0.029376258628872165,0.003262055479353876,0.8026272575454472,0.981464268536671,0.9963128788528101,0.9977480271533864,0.3724239675660237,0.4727380409284345,0.06491110435940303,0.1787006441129311
397,0.034466820357010874,0.0031972684537322493,0.7726223246654386,0.9797723512602206,0.9954136345406548,0.9977832363592766,0.46325367485656405,0.5364914848469678,0.06389623047165345,0.17802625368626648
398,0.03434580648536212,0.0032154291475308128,0.7738705028803079,0.9794280062456527,0.9954676931709858,0.9978064858918936,0.45779339058996,0.534849237835239,0.06322608347575129,0.17772143116550038
399,0.0329241683912187,0.0031716427984065376,0.78140472993418,0.9799010509258693,0.995732469469984,0.9978757542452162,0.4310492083800849,0.517845846742018,0.061229485107307975,0.17424662928559118
400,0.03273459601768991,0.0031982041564333485,0.7810712371978631,0.9787712848139378,0.9957392292046899,0.9978345155290055,0.4303664298332494,0.5229928403620716,0.06241815424052109,0.1803554512269366
401,0.03176278550472489,0.003214513433704269,0.7868111193728374,0.9793964510390901,0.9959226155769507,0.9978515304841952,0.4118431761541695,0.5108572358079281,0.06192771336613389,0.17792775706230285
402,0.02428350587888417,0.003590802887629252,0.8423127382240254,0.9791801322562801,0.9971993975565715,0.9972739875144399,0.28287963208142725,0.41781917321715667,0.07857487322785506,0.20291517330175915
403,0.03186336676844803,0.0032446989134768955,0.7880822732227111,0.980537192454372,0.9959486115722436,0.9978984593064986,0.40921740625909603,0.5044202479730425,0.060575032010948014,0.17500048301199678
404,0.03033629903166002,0.0034097795687557664,0.8017090985260986,0.9807558764737956,0.9961587946821641,0.9975153931429499,0.38798750233483315,0.48855011847652635,0.07161657176843382,0.18279161521087095
405,0.026238262987590133,0.003416900224692654,0.825836777661799,0.9811969981914023,0.9968886290590433,0.9976241925266018,0.3142693348396867,0.43419023624709724,0.06848052678588053,0.1843139274989852
406,0.029750205256277695,0.0032331157781300135,0.8002343656284532,0.9810093784611811,0.9962799112946988,0.9978536637028702,0.37575391206814507,0.4818493759735801,0.06186622524462101,0.17435436146109642
407,0.02846831264650973,0.003273613414421561,0.8087482323377332,0.9811697370584941,0.9964668446827823,0.997731358339337,0.3568723859990407,0.46787183060258325,0.06539156802482367,0.17766883905032474
408,0.025036753336280526,0.0033879918591992464,0.8325541114314894,0.9807368769521582,0.9969997978868552,0.9974596780376291,0.3030405375556771,0.4289763267547732,0.07322250987790585,0.19082331855702256
409,0.02408515995603011,0.0034470009377400856,0.8409148986972059,0.9802087256835597,0.9971622972494965,0.9973570296111458,0.28662701194968326,0.417128922729613,0.07618125901815839,0.19641248479482434
410,0.029341750286221213,0.0032944232207228197,0.8049225547677517,0.9806456752558332,0.9963294443704406,0.9976844718097008,0.37075073917062584,0.48083101619506075,0.06674303033168064,0.1782479920647837
411,0.026671816280213534,0.0033756331158656394,0.8231374573302409,0.9813487510516141,0.9967803847068009,0.9975839645077857,0.32520274047499514,0.4452961344171811,0.06964006347011213,0.18197600462580782
412,0.029739398674792028,0.0031542612650810042,0.7995275546682489,0.9801497641607951,0.9962428212205844,0.9978272423883663,0.3795002583387398,0.48879550332190236,0.06262779601828912,0.17616860477397067
413,0.023010969143342663,0.003403576323762536,0.8501812191444583,0.9804672366179344,0.997382564036215,0.9974248661418111,0.26437858903164707,0.39920904375384597,0.07422593165796203,0.19365965382261285
414,0.02882417020828143,0.0031517324860033114,0.8050027516323646,0.9807239401725134,0.9964067862673885,0.9978628410855637,0.36293868880108016,0.47603523809627296,0.061601695391759005,0.17503019280459275
415,0.023158224242706638,0.0033759269244910683,0.8495770595794528,0.9797615161509987,0.9973515671961092,0.9974351653892972,0.2675094777964502,0.4038893583923046,0.07392906505524481,0.19689326672964746
416,0.02988629990068148,0.0032492221471329685,0.801954299968436,0.9807091250765249,0.9962640373876055,0.9978007739602205,0.3773572831602424,0.48501550486585915,0.06339072480057173,0.17543297554614237
417,0.029631952345880563,0.0031622136102669174,0.80057654250456,0.980386144088573,0.9962787876555899,0.9978831447613757,0.375867407155064,0.4854844843064678,0.061016460085082845,0.17447950730031164
418,0.02949938675556041,0.0031241163960658014,0.8014502956115144,0.9798051913663806,0.9963107000728805,0.9978998144759932,0.37264403895327886,0.4856170446822179,0.06053597046159449,0.17560020040516955
419,0.02847073027442093,0.0031602968520019203,0.8068375527976221,0.979598191893372,0.9964880688562096,0.9978979964929089,0.35472860211981677,0.4765798086449673,0.060588372198981166,0.17729915500599275
420,0.02807423919421126,0.00315534220317204,0.8095038719145342,0.9801059727054596,0.9965407852541018,0.9978749646257902,0.34940389233267655,0.4713723341262307,0.06125224518145689,0.17575371484767263
421,0.026640242066150677,0.003474469962384319,0.8274046374577129,0.9808930277763808,0.9967770909254653,0.997428594531624,0.3255354344832186,0.44933254834267,0.07411846415425999,0.1863373129199734
422,0.02820766932291008,0.003167586017298163,0.8093839115820334,0.9799920146350231,0.9965028057946491,0.9978255106537078,0.35324007248807515,0.47338114383971724,0.06267771172189575,0.1770298842379872
423,0.02751830038960179,0.00310038425050152,0.8129876142126535,0.9804708203486803,0.9966361374598984,0.9979190881670083,0.33977267996364113,0.4628450504121464,0.05998042354603048,0.17365358917668572
424,0.02666825206415524,0.003157672226734576,0.8189411848336507,0.980359154066527,0.9967401669520017,0.9977832923238702,0.32926500347393967,0.45674587422449736,0.06389461734226619,0.17726509719244227
425,0.027663566603223444,0.0030886717977409717,0.8110494852925783,0.9794395455736461,0.9966044960389775,0.9979246594175724,0.3429686757143576,0.4696705886539209,0.0598198372284288,0.17680639229710665
426,0.024981137821669108,0.0036888316371914698,0.8449284013283322,0.9802739736883714,0.9970603328245109,0.9971302851307083,0.2969261028088616,0.42870720155285397,0.0827169659893694,0.1993093206052145
427,0.02709938007319579,0.0031716688645246904,0.8161728605228333,0.9801952933731636,0.9966875759153969,0.9978342480341688,0.3345770509301787,0.46144728593612094,0.06242586454008763,0.1771304737826438
428,0.025803952017668053,0.003041734373255167,0.8236652892848789,0.9813285321261281,0.996909324916021,0.9979600445096863,0.3121789144656003,0.4406637472007699,0.05879989357749446,0.17050499290892815
429,0.02096432557073058,0.0032417200345662422,0.8652821286439818,0.9810612819532842,0.9977057446969059,0.9975977556875524,0.23173517453824,0.37011421866603034,0.06924254504069895,0.18800735127327578
430,0.026307762163924053,0.002973722928800271,0.8171897830642519,0.9806658244986275,0.9967868520900985,0.9979980648392026,0.3245494913813637,0.45430541391998525,0.057703991563968014,0.17292923697075574
431,0.02313358550736666,0.0031484507999266498,0.8460478833754825,0.9816595747427239,0.9973466769011124,0.997785585793809,0.2680034303932148,0.4011222658978167,0.06382851012131711,0.1793296620907349
432,0.02575568627253233,0.0030529493978974642,0.8262791163951841,0.9810017207026357,0.9968833984066665,0.99781989760493,0.3147976658148209,0.44384395335653953,0.06283950283564664,0.17447172589123575
433,0.02491515644487663,0.00333466678057448,0.8391978556543136,0.9812152151358315,0.9970704345150943,0.9975613368819504,0.2959057643019341,0.4269324747463415,0.07029228455893044,0.18116593692763644
434,0.02414400017050866,0.0035240495362813817,0.8492059095170016,0.9808948753405057,0.9971860188107821,0.9972943770520116,0.284230975145312,0.4179903431622459,0.07798716303270017,0.19171150461584063
435,0.026618027040967718,0.0030342614954861347,0.8173788791991896,0.9793964752207152,0.9967508533539766,0.9979383422602403,0.3281856051944678,0.4599787321801661,0.0594254415190465,0.17689313815991195
436,0.024292757333114423,0.003446167369475006,0.8461228525040496,0.981015648010303,0.9971394075487265,0.9973735472632426,0.28893902526218646,0.4225694161698935,0.07570515246090749,0.18905511024541866
437,0.026653066827748262,0.0030953967852838105,0.8195746347338108,0.9797762428581809,0.9967352860452938,0.9978397691475525,0.3297580077905654,0.45944289590949433,0.06226672338189492,0.177058119324769
438,0.02417675600418079,0.0034352638922428014,0.8479327275887765,0.9811866782140725,0.997179853284083,0.9974092602406878,0.2848537346977492,0.4180847480725312,0.07467575780838338,0.18639210783799828
439,0.02623716669768328,0.0030680496311106253,0.8231612877752013,0.9798630144435878,0.9968213749694509,0.9978673451652483,0.32106244900143355,0.45224906768290996,0.061471869320859344,0.17562715163084155
440,0.024211091736560775,0.003352982243086444,0.846186325930369,0.9814710475532298,0.9971778117099939,0.9975265816638836,0.285059947374796,0.4179760533377299,0.07129407265347062,0.18107907796923578
441,0.019769346958128153,0.0030744944197067525,0.8751392999972519,0.9823206758995727,0.997935398044971,0.9978584797414258,0.20853864596298155,0.34404755000614434,0.06172740723811161,0.17548579565171574
442,0.025512115766105126,0.0030458135861408664,0.8268658457395951,0.9806046126886292,0.9969252767566698,0.9979176174775788,0.31056767156164916,0.4429824131422679,0.06002281485424743,0.17275321067240382
443,0.01959577714023908,0.0031180758123809937,0.8801772252895905,0.9811930550509992,0.997954198840816,0.9977396042982152,0.20663963947459255,0.3426655049825638,0.06515388563087801,0.18434683354581793
444,0.02579814517775958,0.0029645739778061397,0.8247675343330287,0.9801429496175071,0.9969411290671111,0.9980754802666604,0.30896648187626596,0.4427497764887327,0.055472561065907984,0.17023828214936051
445,0.026928566467177006,0.0029742757378699025,0.8176979855635449,0.9791745703413671,0.9967191251817624,0.9979937198301867,0.3313903634077,0.4605619626162822,0.05782923256503123,0.17490531225266265
446,0.024909812359510397,0.0031145404318522196,0.8373968952093591,0.9816605021104529,0.9970675231960462,0.9978246272916271,0.2961998270537324,0.42597718081277336,0.06270317384427118,0.17107314552514757
447,0.02685409261539462,0.002940630814919132,0.8168167645797856,0.9780247063418734,0.996760021953483,0.9980565171209469,0.3272595151451083,0.4620099928182474,0.05601915679073676,0.1789899905533396
448,0.023441561750132678,0.0032742962048359914,0.8521478192564875,0.9816453984384831,0.997284199367293,0.9975759752373661,0.27431408038271105,0.4079469989608906,0.06987034704868655,0.18123100882123097
449,0.0200908745750894,0.003038659724552417,0.8762263454900358,0.9819938726902615,0.9978847959898876,0.9978518572794912,0.2136497929442916,0.34913543204636077,0.06191829378383584,0.17707210841180324
450,0.026387637190055102,0.0028744830487994477,0.8156559443938081,0.9791991031142536,0.9967865585894493,0.9981229740765771,0.32457913691562384,0.45944276538920104,0.05410359444778666,0.17544699512630618
451,0.024783871683212055,0.0030177315056789666,0.8347566429920056,0.9815276682374863,0.9970498595021966,0.997918172531087,0.29798397861336134,0.42964503073220905,0.06000681593301265,0.1707120889463404
452,0.025737070200193557,0.0029697571098949993,0.8285028751088306,0.9804739110115656,0.9969235278365177,0.9979731732985354,0.3107443242280454,0.44091780213546994,0.05842146797419451,0.17032320836365622
453,0.02233890143543249,0.0031849398219492286,0.8599321058313254,0.9823931768129773,0.9975021576683674,0.9977379062512007,0.2522988299991063,0.387384606114805,0.06520283031825558,0.173708418853179
454,0.02343375363307132,0.0030103032459010137,0.8469010316870278,0.9823253083766009,0.9973133918215671,0.9979489104530279,0.27136544668999035,0.4046744232146768,0.059120822808407254,0.16554970627845492
455,0.023517205298048793,0.0030568227939511416,0.8462934186010955,0.9821021445358333,0.9973027539677995,0.9979336211261887,0.2724399412748866,0.4069174151483808,0.059561523988060375,0.16633523933123678
456,0.018683535101899906,0.0030492850055452436,0.8914785363740254,0.9813906245342795,0.998113996651319,0.997796051300116,0.1904989887554774,0.32697191522719105,0.06352685125669816,0.18233624851083693
457,0.02546383835397137,0.0028419731333997333,0.8223870026908517,0.9793740455907499,0.9969559178766974,0.9981977182128653,0.30747271291077544,0.4460184825408482,0.05194916152993196,0.17122097569066952
458,0.02539577347033628,0.0029836151570634684,0.8300724024247883,0.9804432615831757,0.996990331967434,0.9980376785159367,0.30399665891073,0.43732688143843834,0.056562162741115585,0.1694512131231735
459,0.01911278227726143,0.0029628815209434833,0.8858975615367143,0.9823582107941526,0.9980703664593421,0.9979831050350259,0.19490593079860644,0.32901615598174544,0.058135194547422976,0.17254594342526758
460,0.022243142847401032,0.0026804061326402007,0.8453912261235947,0.9826149330314969,0.9975033866321513,0.9983524734295883,0.25217469641354545,0.39148539328849513,0.04748848073710005,0.15597738552812435
461,0.02379873745940131,0.0028605242041521706,0.8388041719158069,0.981244819299167,0.9971962993283328,0.9980642275768921,0.28319257391518793,0.4202636823441651,0.05579690979017129,0.16636894230707483
462,0.02429002905228117,0.0027514534140209435,0.8340448797551885,0.9802868361653597,0.9971749048055394,0.9982246175495988,0.2853535642230194,0.4233253663448926,0.0511738121927816,0.1650488893741433
463,0.024749914646235993,0.002783886940960656,0.8310272773898261,0.9804437169355884,0.9970935711591868,0.9981977125901292,0.2935688080574419,0.4295290777599143,0.051949323600273156,0.16579844771248142
464,0.02632101105155016,0.002890219062464894,0.81905330395495,0.9779136400823965,0.9968301803878501,0.9981029930946252,0.32017304267996605,0.4575134495495148,0.05467952839238548,0.17910964267248872
465,0.02238939402559481,0.0031656506052968325,0.8616657552824623,0.982300491911364,0.9974973197324987,0.9977923437803065,0.25278749397273986,0.388676569738716,0.063633717201209,0.1754098514130504
466,0.024056057427515043,0.0028986906345380703,0.838961949780743,0.9818023624040284,0.9972197586654309,0.9981463693900127,0.2808230235126423,0.4166155373766054,0.05342924545009793,0.16233221347159624
467,0.023106957230083935,0.002906455694756005,0.849444499883737,0.9824603241212716,0.997358190035573,0.9980497936378019,0.26684052658730334,0.400786496879869,0.05621295518255136,0.16297332966801154
468,0.02378868663254252,0.0028627868223338737,0.8395743922612657,0.9809060920435184,0.9972648624195237,0.9981796387856621,0.276267241811739,0.41529565996218104,0.05247028485862379,0.16370163172932134
469,0.0230016036912275,0.0027599429313340806,0.8432569983640499,0.9811006679346587,0.9973935280184385,0.9982599017790645,0.26327115328516626,0.40443587568110617,0.050156775817524465,0.16212034707276082
470,0.018162683829359594,0.0028193022662890144,0.892059511951615,0.982113973285031,0.9982004608744335,0.9981087243747266,0.18176552225428272,0.31679849473858485,0.054514329366413206,0.17114150141495163
471,0.02505113177903695,0.0028855877226305893,0.825165372686354,0.9787641048707374,0.9970388001260317,0.9981723768110091,0.29910104978778934,0.4421853831493816,0.05267960478682043,0.17591665977618395
472,0.024890583985325065,0.0028383676708472194,0.8293410177310596,0.9795134199410486,0.9970604138008904,0.9981678125590742,0.29691792365137737,0.4363500245518217,0.05281116526904953,0.17091420634249566
473,0.025059326260816306,0.0028984822529309895,0.8343822119535186,0.9804682837687982,0.9970491033515698,0.9980773481589951,0.29806035489861815,0.43167195077543496,0.05541872073899034,0.16760735269656613
474,0.024271977295938996,0.0028108586539019598,0.8322112645822992,0.9784396489107315,0.9971586732013624,0.9981723965747733,0.28699306511985667,0.43172683668716616,0.05267903511398123,0.1749913326998929
475,0.022974261833041965,0.002950554906419711,0.8514584672579996,0.981830008165218,0.9973710642614917,0.997993596227203,0.2655401434144821,0.40264947197095363,0.05783279531055469,0.16676860130773266
476,0.01906013053849165,0.0028365784492052626,0.8817265043891512,0.983536654046871,0.9980309386505146,0.9981544451831038,0.19888840395579377,0.33426916396000333,0.0531964679328573,0.16233094137260248
477,0.022478189525827474,0.0028305403611739166,0.8487202497430495,0.9810154306564454,0.9974161605196419,0.9981090179169001,0.2609851188540673,0.40419631743737183,0.054505868275650515,0.16624049516625364
478,0.016800730856175505,0.0028182227742945543,0.9071223720954603,0.9828161568950214,0.9984141028274587,0.998099596177572,0.16018625197594052,0.29181546209699677,0.05477744149008368,0.16867180740725904
479,0.018908500021098007,0.002572575398517074,0.8718840105078807,0.9843476460930287,0.9980644485512288,0.9985057513489524,0.1955036792129574,0.33590774759598757,0.04307038172014513,0.14676829785519555
480,0.01622320934848176,0.002567327464930713,0.9025639951837509,0.9836491312696597,0.9984864092564539,0.9983928514994991,0.15288281764547823,0.28247771074248057,0.046324618964187686,0.15724178388561375
481,0.021621938889438752,0.0027280734866508283,0.8492451206807291,0.9797449238422399,0.9975965771474742,0.9982559975487788,0.24276182928209122,0.3965019055746775,0.05026931176568575,0.17081597527849254
482,0.019945331422604795,0.002621357851239736,0.8664283321578149,0.9834212030725901,0.9979151503917735,0.9984188229021087,0.2105837947488983,0.35214104088049153,0.04557601649871439,0.15250257223224828
483,0.02123202878919983,0.0027796512949862517,0.8615338484275554,0.9826173396135012,0.9976883152557431,0.9982108478893208,0.23349566500524194,0.3750724465698153,0.051570710342171255,0.15886385158027233
484,0.022239067402551882,0.0027087658363598166,0.8476321588006497,0.9796219493899255,0.9975189278004737,0.9982596396878025,0.2506049341691857,0.39900154253120246,0.05016433036388167,0.16945607236361082
485,0.02128803345385677,0.002734453449193097,0.8568807608536434,0.9819671940289162,0.9976989673599286,0.9983122088765524,0.23241973103255575,0.377738928707864,0.04864907048756489,0.15913570594166526
486,0.01998955383851353,0.0028912242050864734,0.8779524231429358,0.9832422550997325,0.9978946625383941,0.9981019901707374,0.21265320536436078,0.34936477403716976,0.054708436776980784,0.16453341677074973
487,0.01788430004125985,0.002736485708737746,0.894524520192012,0.9827681810985975,0.9982597579259945,0.9982608244423604,0.17577612230625686,0.3069394261758677,0.050130180872750896,0.16493505659712357
488,0.022388365448932745,0.002785868136015779,0.848030233189667,0.9807192091803745,0.9974998014011198,0.9982678671200349,0.2525368287959861,0.39927099658075993,0.049927181983940735,0.16447126536134204
489,0.02120907699372765,0.0027685872173606185,0.8599206905214762,0.9825159770111477,0.9976685213248354,0.9982401910243232,0.23549498479650008,0.3785127973400246,0.050724920704326534,0.15827415016043778
490,0.02184717011914472,0.002774319103991729,0.853862906649949,0.9807895472064918,0.9975724525711497,0.9982275400722951,0.24519857330865136,0.3915883016226569,0.05108957308838172,0.1639525752484483
491,0.019065262971253105,0.0029777755935356254,0.8903785883345934,0.9833650185273375,0.998036026047017,0.997991377014356,0.1983745427848776,0.332939603475849,0.05789676213720473,0.16669266237848757
492,0.02197349506423052,0.0027527103211468784,0.8482587935323274,0.9796228130695166,0.9975461306401413,0.998279132829783,0.24785726489724397,0.3987586058228773,0.049602457970399354,0.1678157488315616
493,0.022071415034588426,0.002802592905027268,0.8518398338933939,0.9806204394703699,0.9975435858917656,0.9982405793980641,0.24811430155231876,0.3948600077723488,0.05071372617839778,0.16448557926776033
494,0.0196432287098105,0.0027899842370970873,0.8796413775703209,0.9835088737751274,0.9979187100966207,0.9981565789226017,0.2102242406822923,0.3470862898465982,0.05313496479909233,0.15898502757572552
495,0.022414579707401572,0.0027280301219434477,0.8445964485598804,0.9786764933375437,0.9974527019032713,0.9982406553964773,0.25729419400283954,0.40789923510310333,0.0507115355920661,0.1719503715598678
496,0.019178763220224937,0.0028964922967134044,0.8888225381775106,0.9833409727865029,0.9980097531562916,0.9980566756616857,0.2010282809759457,0.33654757539964786,0.05601458699565489,0.16590251915182835
497,0.020801287626454723,0.00263931278277596,0.8552772945484828,0.9808140595394133,0.9977049058379062,0.9983291370366627,0.2318199049239288,0.3817788333406769,0.04816113140375549,0.1639157891572299
498,0.02181951813508931,0.0027917709594476037,0.8513117023614539,0.9811422077864537,0.997590593740025,0.9983107236913599,0.2433661935687017,0.39115365610494857,0.048691879623193414,0.16192215909674296
499,0.01922609777557227,0.0025913892859534826,0.8725654156919367,0.9835120519423963,0.9979957805749785,0.9984168773600551,0.20243960541092415,0.3428995067155636,0.045632095009370766,0.15346728466326154
