,test_loss,test_acc,test_r2,test_mse,test_mae,train_loss,train_acc,train_r2,train_mse,train_mae
0,3.857319099130109,0.6522929519015812,-1.1266270199511532,245.3458609700498,13.904954682402936,21.133093294502032,-0.27533502587654457,-0.08130418838130282,225.84818122599867,11.994762251291053
1,3.200634883949533,0.6848476362231798,-0.7637497274943521,203.4812364218583,12.508439649606167,18.896835946408828,-0.2599703375194349,0.03305269975459746,201.9628624843584,11.510006055415445
2,2.714736253605224,0.7080744802950494,-0.49546723555303496,172.52987619224703,11.401513513814752,17.51135307169534,-0.2735208526563735,0.1038766682578749,187.1701106893084,11.255095929312208
3,2.442304174473975,0.723329875827586,-0.3452992420848573,155.2052135683135,10.719434863755621,16.703959164005937,-0.26149929046972775,0.14513840850303805,178.5519169481559,11.041129059098063
4,2.1595784662058577,0.737857391550788,-0.18961745516058048,137.24443262649612,9.99823646541912,16.18522088829195,-0.27112890200263595,0.17165321205538187,173.01386371373172,10.914341931118475
5,2.0555153602326754,0.7443952495459786,-0.13237602864406717,130.6405726453649,9.703418265778977,15.900135473515547,-0.2633680041914037,0.18621027696303794,169.973381055189,10.82736857833908
6,1.8398884369817097,0.7558208541387345,-0.013793981847568748,116.95993467080089,9.111571622539865,15.659167974059528,-0.2754458029924691,0.19851230944969978,167.4038990423107,10.767896162001467
7,1.8383518470218405,0.7565186406432993,-0.01300331228823981,116.868716275682,9.106971927541379,15.567830620711902,-0.26434575574130625,0.20318807517427473,166.42728839372444,10.726866204671323
8,1.6470334056648426,0.766656070479993,0.09210616250753101,104.74238930440593,8.554283161722255,15.457773178488424,-0.27846040199032807,0.20878365787229147,165.25855882731207,10.706353970609607
9,1.699661625083536,0.7646962849573601,0.0631660711298262,108.08116548330447,8.707631927788304,15.402883918992302,-0.2636851855874729,0.2116189866112831,164.66635374223085,10.66917811747009
10,1.5348364883975592,0.7732637680709281,0.15365484043751532,97.64160800301573,8.219107550056147,15.372606017830549,-0.27862356538152944,0.21313083627266538,164.35057905090972,10.669753488226286
11,1.614733566151699,0.7699945557086099,0.10978300326978419,102.70303793937667,8.454567564242215,15.315682284774084,-0.26232017848104294,0.21608109536947517,163.73436886850266,10.632606794922065
12,1.4646333149867132,0.7777762601704943,0.19215482716567212,93.19992062552154,8.002199039150703,15.322667201282457,-0.2771740359062971,0.21568854417641714,163.81635964773287,10.640752714245329
13,1.5598049564578105,0.7736285411705383,0.13992322501946364,99.22580446795526,8.287680929201288,15.263373976718867,-0.26057968190217573,0.21876287824563811,163.1742343646947,10.606180294429864
14,1.4186991666210815,0.780963700075593,0.21734363891313713,90.29392411225602,7.855895550922526,15.286953804774384,-0.2753174810173773,0.21752226908148353,163.4333560127446,10.61757488600556
15,1.5232653259590734,0.7761822399529165,0.15996798358199493,96.91326987617057,8.174429524822225,15.227446346725628,-0.25875035769319377,0.22060766798867681,162.7889196561358,10.58597775334208
16,1.3873836766870227,0.7833128291582239,0.2345168613901718,88.31267445506174,7.753379995196214,15.255640005532769,-0.273118521836176,0.21913233355677308,163.09706754063103,10.59730594702937
17,1.4978115727426484,0.7780542161601383,0.17392828015247697,95.30269079984491,8.094285626651097,15.199063599167857,-0.2568255112528042,0.22206650635229097,162.48421724707717,10.569225341695244
18,1.365401315910276,0.7850845576954917,0.24657226696224654,86.92185987795186,7.679373454634404,15.227050800836878,-0.2708248063888965,0.2206028373049681,162.78992862395577,10.57948239317191
19,1.4797613110567909,0.7794484731399497,0.18382582011083792,94.16082603475539,8.03660679654122,15.174732737876184,-0.2548605557553665,0.22331752217558887,162.22292199694064,10.554758612262177
20,1.34968776878668,0.7864410543738403,0.2551898835803973,85.92765800387873,7.625115531913673,15.200500833983824,-0.2685338454931796,0.22196835113580127,162.5047185799678,10.563648648914468
21,1.466835132043343,0.7805009422857333,0.19091182942458607,93.34332346396454,7.994785599408296,15.152497144961671,-0.25284857766976043,0.22446074614042888,161.9841408510176,10.541744807897977
22,1.3383473668072838,0.787490498866881,0.26140903656015246,85.21016338540184,7.585009782500242,15.175051866026479,-0.2662436459707853,0.22327677291941606,162.23143314994627,10.549184792186928
23,1.4575219902326353,0.7813064624717604,0.19601562732864264,92.75450573558985,7.964264476964544,15.130940915565589,-0.2507605084291724,0.2255686325350864,161.75274053838865,10.52954791484882
24,1.3301162533462048,0.7883090797799789,0.2659228286003543,84.68941377394975,7.555304218134667,15.149901645861974,-0.2639229171834563,0.22456919879164872,161.96148872935714,10.535549942549313
25,1.4508153593633324,0.7819277997754226,0.1996895664292736,92.33064873417898,7.942033832121419,15.109197410485649,-0.24857140266157463,0.2266855874360275,161.51944611892776,10.517751659111504
26,1.3240992189384997,0.7889561197509004,0.2692222525109952,84.30876404437002,7.533223873289384,15.124355775551521,-0.261523836271472,0.22588131355042573,161.68743196067564,10.522268435815622
27,1.4459153952775523,0.7824161547360418,0.20237260359141684,92.02111064574831,7.925706057518221,15.086620742527884,-0.24624444772867626,0.22784477815052362,161.27733005447885,10.505949704867772
28,1.3197172348154709,0.7894762787069844,0.2716249106232611,84.03157287843436,7.516762950854243,15.098086104953836,-0.25902186268823835,0.2272300292262135,161.4057304879165,10.509081543221914
29,1.4423821750679053,0.7828031134995383,0.20430601642696633,91.79805562373541,7.913876699820065,15.06309686912573,-0.24378011845259606,0.2290521161151985,161.02515764418317,10.494022991262609
30,1.3164539688441437,0.7899060615088875,0.2734139642903335,83.82517236336915,7.504208514892869,15.070930852321908,-0.25640830992032093,0.22862371612219812,161.11463603545917,10.495838438334978
31,1.439783576905029,0.7831199751041609,0.20572688098625402,91.6341325496139,7.905147208732239,15.038347471498128,-0.24115759967819694,0.23032193049525196,160.7599360059881,10.48179985982944
32,1.3139508485619444,0.7902713857509962,0.27478598841521895,83.6668839390081,7.494357729630274,15.042807036508748,-0.25367815436260543,0.23006669281448644,160.81324659758724,10.482411176269437
33,1.4377276445447933,0.7833928005123046,0.20685015855311928,91.50454165324822,7.898230589073838,15.012740941958327,-0.23843209807705623,0.23163539837197056,160.48559661634812,10.46938669876402
34,1.3119011959061027,0.7905945713198128,0.27590918434412415,83.53730246109497,7.486167544971512,15.01383506408456,-0.25084623631734404,0.23155283647179614,160.50284102841394,10.468781354563513
35,1.4360155005124398,0.7836388081104126,0.20778495219563564,91.39669587262904,7.892393285491299,14.986257387288788,-0.23560447590016298,0.23299357394959197,160.2019192873529,10.456734870805969
36,1.3101501818164252,0.7908885104001595,0.27686845647981095,83.42663263238185,7.479063526018034,14.984243358128879,-0.24793637264397983,0.23307049105047795,160.18585388454864,10.4550051995218
37,1.4344669849670026,0.7838680625438031,0.20863008776447778,91.29919381334516,7.887072057966412,14.95938010232203,-0.23273739930113124,0.23437172500314507,159.9140697513536,10.444024615936842
38,1.3085891868686303,0.7911597654340737,0.27772338907963834,83.32800030390668,7.472694405682992,14.954432321166678,-0.24498920972234317,0.2345991824074144,159.86656152784664,10.441216611282831
39,1.4329609958513174,0.7840853388568512,0.209452050254738,91.20436519837598,7.8819425152327405,14.93253421568079,-0.22988320293075626,0.23574810412187952,159.62659031311247,10.431413461408225
40,1.3071436914324295,0.7914152185758874,0.27851486371254686,83.23668902862185,7.466749494559224,14.924819919557194,-0.24204744211374907,0.23611756188429012,159.54942297705952,10.427579336816924
41,1.4316601471800823,0.7842829767079861,0.2101616627956755,91.1224982333755,7.877548326963913,14.905461125221336,-0.2269954065265145,0.23713598333177466,159.33670889150673,10.41880929512805
42,1.3058682060218416,0.7916540063446162,0.27921309397166916,83.15613522089131,7.461385348637898,14.89526601718535,-0.2390897268433314,0.23763280732978287,159.23293902032228,10.41401554878966
43,1.430588654591702,0.7844619067043453,0.21074557290761697,91.0551333744701,7.873897778016856,14.878424378512136,-0.22409153316177233,0.23852188843601785,159.0472397943661,10.406301776949944
44,1.3048167724628001,0.7918734547492389,0.279788476846917,83.0897541368598,7.456807181993569,14.865635569076403,-0.23609940567344712,0.23915186117262444,158.9156596171011,10.400494966157082
45,1.4297107295424212,0.78462496352633,0.21122346246406387,90.99999995258884,7.870870874301331,14.85153335785435,-0.2211816868275045,0.2399002396304426,158.7593484556508,10.393928105482532
46,1.3039485822664574,0.7920721929911378,0.2802633590166591,83.03496767280114,7.452953440871699,14.836375114427938,-0.23312173375407075,0.2406518460148206,158.60236308859723,10.38719460917231
47,1.4290209142200183,0.7847723718001479,0.21159828510807976,90.95675721023467,7.868454440412736,14.824825038027484,-0.2182698739130009,0.2412691335898327,158.47343241616676,10.381706861149217
48,1.3032619853911456,0.7922516783820499,0.28063864906105873,82.99167100714567,7.449801362669585,14.807495259985444,-0.23015815379761762,0.2421322306890088,158.29316037785887,10.374139778636765
49,1.42876113744569,0.7848930745662919,0.21173735903560909,90.94071245383495,7.867431803212423,14.79745807819927,-0.2152460284672295,0.2426716492409302,158.1804939328566,10.369301705663492
50,1.3028104932163842,0.7924083141330712,0.2808850936039732,82.96323905927919,7.4475824395361006,14.778655924252234,-0.22717350193584163,0.24361040485246566,157.98441936867832,10.361203311193966
51,1.4285717781167477,0.7850027223721516,0.2118380184373142,90.92909952531276,7.866681430266814,14.770682950591436,-0.21227606507917818,0.24404374623957448,157.89390888589276,10.35723867748656
52,1.3025490036816336,0.7925467365794558,0.28102736887980806,82.94682496798956,7.446081211463625,14.750077740085544,-0.2241889028595394,0.24507509942103067,157.67849379480515,10.348466161361257
53,1.4284279159910511,0.7851038448530099,0.21191390792517728,90.92034426566278,7.866101134816462,14.744599785964965,-0.20936830571871567,0.24538031638100855,157.61474420793496,10.34554876058797
54,1.3022449640848208,0.7926788395923887,0.2811929276059938,82.92772469895505,7.444484966852154,14.722789695304527,-0.2213263504437888,0.24647363886562101,157.38638580768418,10.336314888137926
55,1.4282500036351848,0.7852020805140757,0.2120086144265788,90.9094181145757,7.86543821145867,14.71919346280265,-0.2065281360157356,0.24668217206269927,157.34283021639783,10.334191232311854
56,1.3019034322933294,0.7928059635827606,0.2813790313201898,82.90625418458613,7.442799704880607,14.696585068806598,-0.218565767169288,0.2478166177753658,157.10588255295733,10.324659563145714
57,1.428131682361709,0.7852913540344403,0.21207076150063042,90.9022482971856,7.86500988496376,14.694570843163092,-0.2037586533260889,0.24794383023575683,157.07931213630926,10.323212374772817
58,1.3016540949465707,0.7929227195366022,0.2815146337456784,82.89060993031917,7.441455580564265,14.670974751512404,-0.2158476792405708,0.24912908971106462,156.8317511819955,10.313303467040198
59,1.4280845413159113,0.785371899247012,0.21209394816606641,90.89957328537531,7.864832134979574,14.6706992551226,-0.20105360770813618,0.24916698844310703,156.8238354078826,10.312593521654065
60,1.3015307798341382,0.7930271495641639,0.28158116294895197,82.88293455306511,7.440586811029312,14.64592117922075,-0.2131651540964088,0.2504129974734458,156.5635859088823,10.302229872695019
61,1.4281372071127407,0.785442934247568,0.21206249350906525,90.90320216332667,7.8649761614311915,14.647532485418196,-0.19840571269774743,0.2503540114470515,156.57590611158014,10.302327534494022
62,1.3014879428083077,0.793121355319298,0.2816035549617394,82.88035121917315,7.440041154716003,14.621596887685882,-0.2105403498647722,0.25165950531333303,156.3032322252959,10.291507632225603
63,1.4282915574149229,0.7855046011017144,0.21197528473637417,90.91326331237599,7.8654483018177626,14.625048028930905,-0.195811663013572,0.25150606806916675,156.33528011977333,10.292378566397991
64,1.3014582135074306,0.7932102910469905,0.2816188006198549,82.87859234980805,7.439571990289143,14.597946717014565,-0.2079738029442828,0.25287144499369374,156.0500986709213,10.281126929706042
65,1.4284857715538237,0.7855603214544148,0.21186630398012152,90.9258362634488,7.866063813270688,14.603210457236855,-0.19327325678708007,0.2526249660156754,156.10157986325737,10.28271565621681
66,1.301484888244886,0.7932914150604085,0.2816031232150805,82.88040102915616,7.439320174464596,14.575007016417658,-0.20546734179246262,0.25404696173505825,155.80457264698595,10.271085921673562
67,1.4287117031926755,0.7856106261371629,0.21173999918244824,90.9404078639406,7.8667901426488305,14.582013126193488,-0.190792150402467,0.2537110489282457,155.87473356681252,10.273359715502746
68,1.3015620788210072,0.7933657065318878,0.2815597376075534,82.88540636348729,7.439248848396667,14.552745883454918,-0.20301816670519757,0.2551876905178745,155.56631266090668,10.261353151783142
69,1.4289959340821952,0.7856539746336624,0.21158176841920484,90.9586627165667,7.867711944772906,14.561457456115022,-0.18836755844266184,0.2547642421510917,155.65475682352863,10.264294285786983
70,1.3016904623364098,0.7934324856404669,0.2814882785243198,82.8936504938099,7.439376145086833,14.53111364081633,-0.2006223397208582,0.25629617647675107,155.33478711941996,10.25191046490301
71,1.4290785428020172,0.7857027883712007,0.21153426614317827,90.96414298494496,7.867999032696569,14.542209270268359,-0.1861031874014627,0.2557504510598352,155.4487708570061,10.255795797037791
72,1.3018546093662735,0.7934925260281788,0.2813971989831143,82.90415820778334,7.4396537279132335,14.51012434842778,-0.19828394706080488,0.2573717028882675,155.1101457220116,10.242759056910362
73,1.4291759352490772,0.7857474187129847,0.2114787149560463,90.97055184447085,7.868336709412035,14.523570466164529,-0.18389916435662834,0.25670541930882274,155.24931001658777,10.247571706387387
74,1.3020359615620691,0.7935475993351668,0.28129669789680656,82.9157528716888,7.440021173459543,14.489759087195125,-0.196001104479957,0.2584152475091904,154.89218424808402,10.233876975614223
75,1.4292904624599032,0.7857888317804221,0.21141385013303127,90.97803520459934,7.868720205214449,14.505471238291648,-0.18174816122231485,0.2576327411755235,155.05562357825167,10.23959832509379
76,1.302217355259927,0.7935993631899922,0.28119621689736707,82.92734521820154,7.4404087393742495,14.469992816957529,-0.1937733893688569,0.25942809229014285,154.68063494114497,10.225256605892902
77,1.4294032057514414,0.7858283306538116,0.21135004060726048,90.98539681662226,7.86909198361556,14.48789585411214,-0.1796509732451439,0.25853321453091604,154.86754489350866,10.231864907617823
78,1.3023029910982586,0.7936528368186996,0.28114827033896106,82.93287674279061,7.440487021358629,14.451111994458188,-0.19164179556206973,0.2603955699620174,154.47856130181438,10.217010021146496
79,1.429512405244168,0.7858661794880184,0.2112882777341738,90.9925223093068,7.869446690475093,14.470838529152388,-0.1776065865029326,0.2594071490180807,154.68500928830372,10.224361467107636
80,1.3022622799035162,0.7937095054324158,0.2811696293690853,82.93041258260354,7.440156057694963,14.433222017767548,-0.1896237831597023,0.2613122777345276,154.28709179178958,10.209189897534921
81,1.4296309324272443,0.7859020870403521,0.21122146353057347,91.00023056663335,7.869822565653916,14.454260267342761,-0.17560943601132029,0.26025653964129736,154.5076000731493,10.21706626137282
82,1.3022436305182055,0.7937629357504624,0.28117894835578217,82.92933746468532,7.439902936080368,14.415811561200826,-0.18765177431213198,0.26220441047091503,154.10075518263716,10.201578899259628
83,1.429768938513007,0.7859351569982547,0.2111440439765453,91.00916234778762,7.8702640607768855,14.438114567659795,-0.1736571267765159,0.2610837681212438,154.33481978647168,10.209971405491935
84,1.3022586994920857,0.7938130489807593,0.28116979741482806,82.93039319541103,7.439751828528084,14.398884515248938,-0.18572658994874702,0.26307176972974,153.91959292211877,10.19418509547462
85,1.4299825525376946,0.7859621286078331,0.21102518055890562,91.02287544710641,7.870963448817023,14.422354349804664,-0.17173792986943592,0.26189125188507223,154.16616350881202,10.20305816798914
86,1.3023100795107894,0.7938595875441876,0.28114075522120274,82.93374375097748,7.43973014751657,14.382347642575041,-0.18383734227536674,0.26391913691654745,153.7426063349702,10.18696062150954
87,1.430225781223271,0.7859861489178348,0.21089012556964504,91.03845654445333,7.8717638763976465,14.406988648497645,-0.16985865459320926,0.2626785213998539,154.00172930985244,10.196326149111725
88,1.3024054341076408,0.7939018899203999,0.28108765064203645,82.93987034890687,7.439868845303302,14.366241215579066,-0.18198832540012377,0.26474444872596115,153.57022637648743,10.179917179416218
89,1.430599179235287,0.7860021189368298,0.21068368966048545,91.06227275453283,7.872988918603052,14.391817118190374,-0.1679834281672905,0.2634558488445119,153.83937167591424,10.189676207397786
90,1.302529579930706,0.7939414990833236,0.28101878174409634,82.94781565332586,7.440100109066184,14.350550385461247,-0.18018000781364885,0.2655484584498299,153.40229570926638,10.17305196941787
91,1.4310330056177918,0.7860129693490403,0.21044414073343576,91.08990916524336,7.874432560966443,14.376963933653315,-0.16613522042103757,0.2642168616838757,153.68042161587866,10.183159864371426
92,1.3026872552291024,0.7939782933152765,0.28093154984490776,82.9578794704455,7.44044228472233,14.33522508810347,-0.17840583921112807,0.26633373741590827,153.23827726917386,10.16634847300336
93,1.431465614179615,0.7860229959220936,0.21020533160029675,91.11746022700821,7.875875405482926,14.362459049683821,-0.16432386441889624,0.26496003604118723,153.52519741649414,10.176790202034603
94,1.3028623755963054,0.7940129476260338,0.2808347707206599,82.9690447370107,7.440841439823964,14.320325856639101,-0.17667389896862118,0.267097190010246,153.0788176261463,10.15983042022858
95,1.4319821940152906,0.7860277392551678,0.20992046790472896,91.15032453654275,7.877583374280174,14.348213559482247,-0.16252706097268077,0.26568992314919937,153.37274847787344,10.170523416515607
96,1.303021883853944,0.7940478733684807,0.28074659867953333,82.97921701693603,7.441176476696198,14.305796918943088,-0.17498179276746972,0.26784165738562393,152.92332335865174,10.153479398647864
97,1.4324641854618676,0.7860338726961922,0.2096546719968737,91.18098902318911,7.879167099467321,14.334347330113815,-0.16077458890429885,0.2664003734512903,153.224359236157,10.164415696677702
98,1.303207782417303,0.7940797510892699,0.2806439728102762,82.99105681395473,7.441601744645734,14.291697114054841,-0.17333149758888777,0.2685641491245383,152.77241906461688,10.147317827240641
99,1.432952871924499,0.7860381695187709,0.20938520127108817,91.21207746822617,7.8807701818299805,14.320917427954555,-0.1590681482103964,0.2670884871890856,153.08063535361998,10.158488440707085
100,1.3033077226718888,0.7941165986837393,0.28058855955472295,82.99744976051531,7.4417199924596815,14.277958443264652,-0.1717237246829224,0.2692681256456769,152.62538197863,10.141301779751084
101,1.4333865015069023,0.7860458204357259,0.2091460644367995,91.23966633639523,7.882179593841579,14.307781353079918,-0.15739582235168004,0.26776153643427214,152.94005793837067,10.152680385290823
102,1.3034282690787222,0.7941509707051284,0.2805218643521624,83.00514428886525,7.441909708197168,14.26460066726213,-0.17015172032345793,0.26995259270851446,152.48241976419305,10.135442833057592
103,1.4338532140245661,0.7860504775500468,0.20888876232160092,91.26935090655755,7.88370208081863,14.294963729757,-0.1557507098138835,0.268418286643756,152.80288484505846,10.147001003495697
104,1.3035612579842564,0.7941845451561179,0.2804483866560359,83.01362130361638,7.442136943608883,14.251488233690907,-0.1685988306940498,0.2706245082732811,152.34207913676318,10.129680520724452
105,1.4342781191808172,0.7860572092131797,0.2086544865891603,91.29637895648862,7.8850777473923515,14.282523178080737,-0.15415012818824048,0.2690557295328726,152.66974440346084,10.141480596652128
106,1.3037288794585038,0.7942160844149575,0.28035592617515626,83.0242883345881,7.442478466513252,14.238588435553538,-0.16705972873371167,0.27128553816986745,152.2040121603432,10.124000965115394
107,1.4346629150095396,0.78606594375542,0.2084422720790976,91.32086183533538,7.886310832151989,14.270466960537306,-0.15259611699566378,0.26967348108758893,152.54071682123066,10.136119662419942
108,1.3038717960880604,0.7942489206474135,0.280277065483585,83.0333863776811,7.442727210492773,14.22605867634411,-0.16555841845889385,0.2719276233121338,152.06990210774998,10.118469157906747
109,1.4350056201219559,0.7860771140168796,0.2082532108773384,91.34267355073561,7.887395821669968,14.2587884766981,-0.1510857247265902,0.2702719013128101,152.4157269054167,10.130911651207503
110,1.3040150964516215,0.7942821413486283,0.28019804403155724,83.04250296747375,7.442970829103669,14.213784816140105,-0.1640771458857464,0.27255662573630535,151.93852459621132,10.113027889193663
111,1.4352870798029471,0.7860919772004821,0.2080978308790421,91.3605995147631,7.88826907586528,14.247489963272528,-0.14962070663107907,0.27085085965793654,152.29480192366094,10.125851406253174
112,1.3041162417212036,0.7943177650540619,0.28014217997127466,83.04894792271918,7.443067163377053,14.201888525327377,-0.1626347686303775,0.27316629572338913,151.81118498242782,10.107728725288556
113,1.435502958658617,0.7861106284125429,0.20797850107350457,91.37436642057419,7.888919954200758,14.236554920418712,-0.14819941297942152,0.27141121497813825,152.17776248992186,10.120932707097834
114,1.3041949584439863,0.7943543106632368,0.280098645690821,83.05397040922922,7.443084455723711,14.190319039589667,-0.16122618750726114,0.2737592373592971,151.6873393601858,10.102560244388911
115,1.4356778617075179,0.7861312239524596,0.20788170258452,91.38553392122087,7.889430932029006,14.225932083521911,-0.1468166868715175,0.27195557708804796,152.06406350144803,10.116142584432572
116,1.3042665230750572,0.7943905312268008,0.280059039298891,83.05853974096291,7.443079643232983,14.179039650181949,-0.15984677743062847,0.27433732377648756,151.566596494934,10.097505674306115
117,1.4358269067306537,0.7861527417220355,0.20779910585513173,91.3950629855537,7.88985237076956,14.21559171431727,-0.14546820678615768,0.2724854753616083,151.95338552331356,10.111464647995172
118,1.3043226701847743,0.794427075798755,0.28002789385917615,83.06213294496646,7.4430176207400836,14.168060392228654,-0.158497818642791,0.2749000458836165,151.4490627187808,10.092565426169191
119,1.435955922177527,0.7861749661601465,0.207727526127362,91.40332103446069,7.8902014226213755,14.20551880056155,-0.14415007245357847,0.27300167545329557,151.84556863597606,10.10689299266808
120,1.3044415329350159,0.7944573594254485,0.27996227982119426,83.06970274093413,7.443190314773877,14.157542957957048,-0.15719086121168835,0.2754391388149915,151.3364642849903,10.087811126887354
121,1.4362178072333336,0.7861882335603584,0.20758292429063474,91.42000353769085,7.890988265417134,14.195681024124497,-0.14283607853726266,0.2735058622938923,151.74026091390266,10.102402034445527
122,1.3043476960156113,0.794501449124008,0.2800134702676491,83.06379697370694,7.4426253877272845,14.147120038767753,-0.1559095768129204,0.2759733651737587,151.2248823150072,10.083076636274964
123,1.436161533347331,0.7862205681441715,0.2076131548579231,91.41651588118627,7.890719682719927,14.18615421748109,-0.14160266640805008,0.2739940735551242,151.63828995458516,10.098061979213941
124,1.3043393859697971,0.7945382316170382,0.2800176904924403,83.0633100925213,7.442374068772014,14.13699751495733,-0.15465357194086438,0.2764922073508074,151.1165135846454,10.078470179242201
125,1.4360899201128632,0.7862514865574991,0.2076517810080254,91.4120596385241,7.890407591549253,14.177056162414374,-0.1404268553646406,0.27446032526527797,151.54090560902983,10.093912663239827
126,1.3043529744900297,0.7945723851319207,0.2800098893572537,83.06421009812216,7.44220838206824,14.127077013647067,-0.1534166074889649,0.2770007062283587,151.0103052226651,10.073950700323497
127,1.4359599497693125,0.7862844364181769,0.20772242485449743,91.40390956087893,7.889907927097164,14.168287773885822,-0.13929515338377407,0.27490969126026177,151.44704812307685,10.089899416629578
128,1.30431274761213,0.7946090266185277,0.2800316053492288,83.06170475576643,7.441854507456206,14.117446711054072,-0.15221144108138485,0.2774943405058031,150.90720157713264,10.069540962222234
129,1.4357703437563032,0.7863205188177899,0.20782583473082616,91.39197931410662,7.889209240875377,14.15972044460068,-0.13818926359340877,0.27534875501145983,151.35534243034408,10.08596210535457
130,1.304346056014765,0.7946415459250231,0.2800129619353926,83.06385561925877,7.441756544069084,14.107729330095026,-0.1509802985546007,0.2779924501888029,150.80316316947145,10.065081693411956
131,1.4356522935559042,0.786352523937079,0.20788991305248583,91.38458669149362,7.888747817496218,14.151080907751748,-0.1370527036207727,0.27579154745103995,151.2628579396574,10.081965450999435
132,1.3043176405481063,0.7946770224840701,0.2800281960922114,83.06209807678151,7.441444430221787,14.098293317638309,-0.14978003440358312,0.2784761531851706,150.7021338354903,10.060729561146116
133,1.4354277195234317,0.7863900052072185,0.20801251357265071,91.37044244810114,7.8879355514400755,14.14273026502633,-0.1359614839728469,0.2762195266954923,151.17346742864245,10.078096866365842
134,1.3042867254989687,0.7947123828675169,0.2800448114866706,83.06018118293002,7.441121838595535,14.088975185979507,-0.14859059852151768,0.27895382131860913,150.60236498198367,10.056426044427461
135,1.4352188134216703,0.7864265679961622,0.2081265179338001,91.35728993105036,7.887172648304807,14.13445212636725,-0.13487433728541665,0.2766437949845256,151.0848520117601,10.074262702728815
136,1.3042428666667547,0.7947480045481792,0.2800685686753527,83.05744035068406,7.440757411254891,14.079845357315207,-0.14742194641656314,0.27942182508276436,150.5046146911061,10.05220077831547
137,1.4349862787348684,0.7864640820317945,0.20825354383161387,91.34263513828594,7.886333415523421,14.12635214250622,-0.13381110233023885,0.27705892737988147,150.99814477667627,10.070508270202218
138,1.3041902275872417,0.7947833980365878,0.28009714512123973,83.05414352775561,7.440369635013953,14.070924219668086,-0.14627862128774316,0.27987912431710593,150.40910021750855,10.048069721180568
139,1.4347559631278273,0.7865011711074588,0.20837939479971124,91.32811589545112,7.885498079991906,14.118405935303599,-0.1327685163385932,0.2774661751355024,150.9130843784057,10.066827185112825
140,1.3041361606738064,0.7948180493057365,0.2801265052815508,83.05075628883587,7.43998211375831,14.062227249181888,-0.14516324736777797,0.28032493083707377,150.3159861865122,10.044043582042221
141,1.434571016812697,0.7865357855414108,0.20848035018551525,91.31646881967465,7.884807607743315,14.110536574138678,-0.13172846737652666,0.27786947692706176,150.8288481596917,10.063176935477525
142,1.3040733366797213,0.7948524377747194,0.28016070914438085,83.04681023901341,7.439569790546498,14.053778232053446,-0.14407856185820234,0.28075803196353155,150.22552588611896,10.040130163955682
143,1.4344034538662527,0.786569278903328,0.20857179693941008,91.30591874090825,7.88417084405217,14.102810696917004,-0.1307038220838721,0.27826542767618134,150.74614732721125,10.05958831627831
144,1.303989176551113,0.7948872576892152,0.28020662321562206,83.04151319950736,7.439082073578596,14.045595936673635,-0.14303336380612475,0.281177431988492,150.13792728633433,10.036353922820192
145,1.4342402723850682,0.786601828525174,0.20866090931369874,91.29563797611601,7.883548966870014,14.095274851686554,-0.1297099928410037,0.2786516191329631,150.66548488360252,10.056097463804319
146,1.3040460763731971,0.794913743360964,0.28017518314500967,83.0451403946483,7.439088920453323,14.037271738452546,-0.14196007478381745,0.28160408112196345,150.04881459089532,10.032534834083568
147,1.4342293325753417,0.7866256425340568,0.20866642135531954,91.29500205990482,7.883431226481322,14.087690151849529,-0.12868566501322043,0.2790403272581411,150.5842967923674,10.052567358131823
148,1.3040853382844944,0.7949407932501115,0.2801534262743596,83.04765045311721,7.4390354441494555,14.029225305923319,-0.14091759414700866,0.2820165140588946,149.9626711821446,10.028825738735295
149,1.434221558185527,0.7866484922531178,0.20867016290324303,91.29457040297201,7.883334094867894,14.080371741540148,-0.12768598430306288,0.2794154057315438,150.50595547829013,10.049134023075355
150,1.304128292016685,0.7949675339892849,0.28012960755663197,83.05039838387952,7.438993032373905,14.021426201798022,-0.13989349393089912,0.2824163143530918,149.8791663087997,10.025195915606668
151,1.4341785653668921,0.7866737946951088,0.20869319207255,91.29191356126069,7.883118421900555,14.073242781538283,-0.12669817255176086,0.2797808211445476,150.4296324534599,10.04574759177708
152,1.3042355083744042,0.7949892649247372,0.28007045133031605,83.0572231515238,7.439179084525502,14.013872852556233,-0.138885088966344,0.2828035438974942,149.79828704350143,10.021658681625683
153,1.4341049905051477,0.7866988970856494,0.20873295480287712,91.28732619299389,7.882808711929585,14.066549122828292,-0.12576711172601085,0.28012394527043105,150.35796533092562,10.04255345671716
154,1.3042645579844248,0.7950174796989924,0.28005431596867625,83.05908466468829,7.439086768157492,14.006151135159598,-0.13786148089613048,0.28319937013549235,149.7156122172185,10.018044920545671
155,1.4340735948935617,0.7867244398662635,0.20874970284364758,91.28539399593073,7.8826193840527115,14.059482153512363,-0.12477993841542512,0.2804861735503994,150.28230799129958,10.039187207632319
156,1.3043420389294624,0.7950412577694888,0.28001155945564915,83.06401742130348,7.4391748457269,13.998694115311082,-0.1368647838710022,0.2835816439131512,149.63576804539125,10.01454851626176
157,1.4339358801371418,0.7867541561331658,0.208824800498019,91.27673008895704,7.882087906501942,14.052919180001481,-0.12387491445220422,0.28082256822938856,150.21204642453586,10.036056727466077
158,1.304398913285695,0.7950655894644172,0.2799801205468615,83.0676444824064,7.439196008228278,13.991473966263584,-0.13589956051776708,0.2839517709869456,149.55846091263697,10.011157571152989
159,1.4338163970969617,0.7867827652126157,0.20888998004441584,91.26921041965052,7.881610831999489,14.046429519265075,-0.12298656900563087,0.2811551914990179,150.1425725787056,10.0329772387523
