MD,TVD,RPMA,WOBA,ROPA
1565.4,1508.11,22.32,0.27,24.45
1565.5,1508.21,22.44,0.54,24.4
1565.6,1508.31,22.56,0.81,24.35
1565.7,1508.41,22.68,1.07,24.29
1565.8,1508.5,22.79,1.34,24.24
1565.9,1508.6,22.91,1.61,24.19
1566.0,1508.7,23.03,1.88,24.14
1566.1,1508.8,23.15,2.15,24.09
1566.2,1508.9,23.27,2.42,24.04
1566.3,1508.99,23.39,2.68,23.99
1566.4,1509.09,23.51,2.95,23.93
1566.5,1509.19,23.63,3.22,23.88
1566.6,1509.29,23.75,3.49,23.83
1566.7,1509.38,23.87,3.76,23.78
1566.8,1509.48,23.99,4.03,23.73
1566.9,1509.58,24.11,4.29,23.68
1567.0,1509.68,24.23,4.56,23.62
1567.1,1509.78,24.35,4.83,23.57
1567.2,1509.87,24.47,5.1,23.52
1567.3,1509.97,24.59,5.37,23.47
1567.4,1510.07,24.71,5.64,23.42
1567.5,1510.17,24.83,5.91,23.37
1567.6,1510.26,24.95,6.17,23.32
1567.7,1510.36,25.07,6.44,23.26
1567.8,1510.46,25.19,6.71,23.21
1567.9,1510.56,25.31,6.98,23.16
1568.0,1510.66,25.42,7.25,23.11
1568.1,1510.75,25.54,7.52,23.06
1568.2,1510.85,25.66,7.78,23.01
1568.3,1510.95,25.78,8.05,22.95
1568.4,1511.05,25.9,8.32,22.9
1568.5,1511.14,26.02,8.59,22.85
1568.6,1511.24,26.14,8.86,22.8
1568.7,1511.34,26.26,9.13,22.75
1568.8,1511.44,26.38,9.39,22.7
1568.9,1511.54,26.5,9.66,22.65
1569.0,1511.63,26.62,9.93,22.59
1569.1,1511.73,26.74,10.2,22.54
1569.2,1511.83,26.86,10.47,22.49
1590.2,1532.23,50.49,1.24,12.26
1590.3,1532.32,50.63,1.25,12.68
1590.4,1532.42,50.75,1.3,13.1
1590.5,1532.52,50.54,1.51,13.1
1590.6,1532.61,50.68,1.37,13.1
1590.7,1532.71,50.58,1.33,13.1
1590.8,1532.81,50.52,1.42,13.1
1590.9,1532.9,50.57,1.75,22.97
1591.0,1533.0,50.72,1.75,22.97
1591.1,1533.1,50.56,1.67,22.97
1591.2,1533.19,50.55,1.67,22.97
1591.3,1533.29,50.54,1.74,25.07
1591.4,1533.39,50.65,1.7,25.08
1591.5,1533.48,50.7,1.51,25.08
1591.6,1533.58,50.59,1.44,25.08
1591.7,1533.68,50.65,1.54,25.08
1591.8,1533.77,50.63,1.38,19.59
1591.9,1533.87,50.69,1.4,19.58
1592.0,1533.97,50.52,1.4,19.58
1592.1,1534.06,50.55,1.46,19.58
1592.2,1534.16,50.33,1.47,19.58
1592.3,1534.26,50.61,1.32,18.56
1592.4,1534.35,50.59,1.52,18.56
1592.5,1534.45,50.61,1.43,18.56
1592.6,1534.55,50.65,1.55,18.56
1592.7,1534.64,50.52,1.42,18.56
1592.8,1534.74,50.67,1.82,17.39
1592.9,1534.84,50.63,1.71,17.39
1593.0,1534.93,50.61,1.61,17.39
1593.1,1535.03,50.54,1.58,17.39
1593.2,1535.13,50.59,1.58,17.39
1593.3,1535.22,50.6,1.65,20.23
1593.4,1535.32,50.53,1.46,20.23
1593.5,1535.42,50.62,1.63,20.23
1593.6,1535.51,50.49,1.45,20.23
1593.7,1535.61,50.65,1.62,20.23
1593.8,1535.71,50.52,1.46,18.62
1593.9,1535.8,50.59,1.43,18.62
1594.0,1535.9,50.52,1.46,18.62
1594.1,1536.0,50.72,1.54,18.62
1594.2,1536.09,50.54,1.36,18.62
1594.3,1536.19,50.49,1.45,10.47
1594.4,1536.28,50.63,1.42,10.47
1594.5,1536.38,50.63,1.43,10.47
1594.6,1536.48,50.62,1.71,10.47
1594.7,1536.57,50.58,1.52,13.64
1594.8,1536.67,50.54,1.42,13.64
1594.9,1536.77,50.74,1.41,13.64
1595.0,1536.86,50.65,1.6,13.64
1595.1,1536.96,50.7,1.38,13.64
1595.2,1537.06,50.56,1.76,12.55
1595.3,1537.15,50.72,1.58,12.55
1595.4,1537.25,50.61,1.58,12.55
1595.5,1537.35,50.58,1.57,12.55
1595.6,1537.44,50.63,1.61,12.55
1595.7,1537.54,50.67,1.54,14.0
1595.8,1537.64,50.4,1.56,14.0
1595.9,1537.73,50.62,1.68,14.0
1596.0,1537.83,50.76,1.61,14.0
1596.1,1537.93,50.68,1.74,14.0
1596.2,1538.02,50.55,1.62,14.72
1596.3,1538.12,50.7,1.71,14.72
1596.4,1538.21,50.61,1.59,14.72
1596.5,1538.31,50.64,1.69,14.72
1596.6,1538.41,50.5,1.68,14.72
1596.7,1538.5,50.67,1.9,19.79
1596.8,1538.6,50.63,1.71,19.79
1596.9,1538.7,50.55,1.71,19.79
1597.0,1538.79,50.6,1.87,19.79
1597.1,1538.89,50.54,1.43,19.79
1597.2,1538.99,50.59,1.73,18.59
1597.3,1539.08,50.66,1.59,18.59
1597.4,1539.18,50.73,1.58,18.59
1597.5,1539.28,50.5,1.61,18.59
1597.6,1539.37,50.83,1.35,18.59
1597.7,1539.47,50.97,1.72,11.2
1597.8,1539.56,50.58,1.66,11.2
1597.9,1539.66,50.45,0.99,11.2
1598.0,1539.76,50.46,1.11,11.2
1598.1,1539.85,50.39,0.01,11.2
1598.2,1539.95,50.4,1.56,4.25
1598.3,1540.05,50.44,1.33,4.25
1598.4,1540.14,50.28,1.47,4.25
1598.5,1540.24,50.3,1.72,4.25
1598.6,1540.34,50.34,1.57,4.25
1598.7,1540.43,50.45,0.88,24.22
1598.8,1540.53,50.43,1.37,24.22
1598.9,1540.63,50.33,1.68,24.22
1599.0,1540.72,50.45,1.68,24.22
1599.1,1540.82,50.42,1.64,24.22
1599.2,1540.91,50.35,1.5,28.14
1599.3,1541.01,50.42,1.76,28.14
1599.4,1541.11,50.32,1.5,28.14
1599.5,1541.2,50.35,1.42,28.14
1599.6,1541.3,50.19,1.63,28.14
1599.7,1541.4,50.45,1.68,25.77
1599.8,1541.49,50.36,1.43,25.77
1599.9,1541.59,50.45,1.59,25.77
1600.0,1541.69,50.38,1.61,25.77
1600.1,1541.78,50.35,1.68,25.77
1600.2,1541.88,50.4,1.64,25.5
1600.3,1541.97,50.42,1.82,25.5
1600.4,1542.07,50.47,1.67,25.5
1600.5,1542.17,50.52,1.52,25.5
1600.6,1542.26,50.46,1.49,25.5
1600.7,1542.36,50.54,1.5,22.18
1600.8,1542.46,50.43,1.36,22.18
1600.9,1542.55,50.29,1.56,22.18
1601.0,1542.65,50.53,1.87,22.18
1601.1,1542.74,50.24,1.53,22.18
1601.2,1542.84,50.65,1.64,18.67
1601.3,1542.94,50.4,1.64,18.67
1601.4,1543.03,50.48,1.77,18.67
1601.5,1543.13,50.42,1.53,18.67
1601.6,1543.23,50.41,1.59,20.24
1601.7,1543.32,50.42,1.76,21.82
1601.8,1543.42,50.45,1.8,21.82
1601.9,1543.51,50.42,1.65,21.82
1602.0,1543.61,50.36,1.35,21.82
1602.1,1543.71,50.42,1.68,21.82
1602.2,1543.8,50.46,1.62,22.04
1602.3,1543.9,50.48,1.78,22.04
1602.4,1544.0,50.26,1.42,22.04
1602.5,1544.09,50.54,1.28,22.04
1602.6,1544.19,50.35,1.7,18.67
1602.7,1544.28,50.42,1.82,18.67
1602.8,1544.38,50.42,1.88,18.67
1602.9,1544.48,50.29,2.02,18.67
1603.0,1544.57,50.72,1.6,18.67
1603.1,1544.67,50.49,1.87,24.81
1603.2,1544.77,50.2,1.81,24.81
1603.3,1544.86,50.4,2.24,24.81
1603.4,1544.96,50.39,1.73,24.81
1603.5,1545.05,50.5,1.56,24.81
1603.6,1545.15,50.45,0.67,15.12
1603.7,1545.25,50.77,1.35,15.12
1603.8,1545.34,50.55,1.6,15.12
1603.9,1545.44,50.62,1.74,15.12
1604.0,1545.54,50.04,1.45,15.12
1604.1,1545.63,50.49,1.58,8.48
1604.2,1545.73,50.7,1.6,8.48
1604.3,1545.82,50.29,1.68,8.48
1604.4,1545.92,50.48,1.25,8.48
1604.5,1546.02,50.98,1.37,8.48
1604.6,1546.11,50.6,1.45,5.15
1604.7,1546.21,50.84,1.27,5.15
1604.8,1546.3,50.56,1.3,5.15
1604.9,1546.4,50.59,1.77,5.15
1605.0,1546.5,50.57,1.51,5.15
1605.1,1546.59,50.98,1.58,13.51
1605.2,1546.69,50.52,1.5,13.51
1605.3,1546.79,50.82,1.54,13.51
1605.4,1546.88,50.63,1.85,13.51
1605.5,1546.98,50.3,1.39,13.51
1605.6,1547.07,50.74,1.51,17.1
1605.7,1547.17,50.54,1.73,17.1
1605.8,1547.27,50.12,1.54,17.1
1605.9,1547.36,50.58,1.54,17.1
1606.0,1547.46,50.69,1.58,17.89
1606.1,1547.55,50.58,1.56,17.89
1606.2,1547.65,50.59,1.66,17.89
1606.3,1547.75,50.34,1.73,17.89
1606.4,1547.84,50.42,1.58,17.89
1606.5,1547.94,50.56,1.57,17.89
1606.6,1548.03,50.61,1.78,14.84
1606.7,1548.13,50.56,1.47,14.84
1606.8,1548.23,50.7,1.51,14.84
1606.9,1548.32,50.33,1.61,14.84
1607.0,1548.42,50.54,1.66,14.84
1607.1,1548.51,50.58,1.56,18.37
1607.2,1548.61,50.59,1.49,18.37
1607.3,1548.71,50.55,1.45,18.37
1607.4,1548.8,50.52,1.57,18.37
1607.5,1548.9,50.57,1.69,18.37
1607.6,1548.99,50.66,1.55,14.76
1607.7,1549.09,50.56,1.62,14.76
1607.8,1549.19,50.55,1.86,14.76
1607.9,1549.28,50.67,1.34,14.76
1608.0,1549.38,50.22,1.49,14.76
1608.1,1549.47,50.5,1.52,10.46
1608.2,1549.57,50.61,1.51,10.46
1608.3,1549.67,50.43,1.5,10.46
1608.4,1549.76,50.51,1.67,10.46
1608.5,1549.86,50.52,1.54,10.46
1608.6,1549.95,50.69,1.4,8.02
1608.7,1550.05,50.76,1.39,8.02
1608.8,1550.15,50.57,1.25,8.02
1608.9,1550.24,50.41,1.29,8.02
1609.0,1550.34,50.77,1.32,8.02
1609.1,1550.43,50.52,1.48,3.78
1609.2,1550.53,50.5,1.39,3.78
1609.3,1550.63,51.14,1.67,3.78
1609.4,1550.72,51.3,1.68,3.78
1609.5,1550.82,51.14,1.77,3.78
1609.6,1550.91,51.15,1.77,6.19
1609.7,1551.01,51.08,1.85,6.19
1609.8,1551.11,51.06,1.76,6.19
1609.9,1551.2,51.27,1.94,6.19
1610.0,1551.3,51.12,1.75,6.19
1610.1,1551.39,51.13,1.71,12.38
1610.2,1551.49,51.23,1.74,12.38
1610.3,1551.59,51.03,1.92,12.38
1610.4,1551.68,51.04,1.69,12.38
1610.5,1551.78,51.11,1.84,12.38
1610.6,1551.87,51.12,1.99,13.51
1610.7,1551.97,51.04,1.78,13.51
1610.8,1552.07,51.11,1.77,13.51
1610.9,1552.16,51.14,1.93,13.51
1611.0,1552.26,51.37,1.91,13.51
1611.1,1552.35,51.24,1.92,13.76
1611.2,1552.45,51.14,1.79,13.76
1611.3,1552.54,51.24,1.98,13.76
1611.4,1552.64,51.18,1.92,13.76
1611.5,1552.74,51.1,2.0,13.76
1611.6,1552.83,51.41,1.76,13.76
1611.7,1552.93,51.15,2.08,15.77
1611.8,1553.02,51.12,1.9,15.77
1611.9,1553.12,51.4,1.82,15.77
1612.0,1553.22,51.12,2.06,15.77
1612.1,1553.31,51.2,1.85,12.35
1612.2,1553.41,50.94,1.83,12.35
1612.3,1553.5,51.27,1.93,12.35
1612.4,1553.6,51.14,1.87,12.35
1612.5,1553.69,51.04,1.91,12.35
1612.6,1553.79,51.16,1.93,14.22
1612.7,1553.89,50.98,2.14,14.22
1612.8,1553.98,51.2,1.91,14.22
1612.9,1554.08,51.17,1.96,14.22
1613.0,1554.17,51.23,1.98,14.22
1613.1,1554.27,51.19,1.96,14.33
1613.2,1554.37,51.16,1.9,14.33
1613.3,1554.46,51.27,1.76,14.33
1613.4,1554.56,51.15,2.0,14.33
1613.5,1554.65,51.16,2.14,14.33
1613.6,1554.75,51.03,1.99,15.31
1613.7,1554.84,51.16,2.04,15.31
1613.8,1554.94,51.05,1.99,15.31
1613.9,1555.04,51.17,2.13,15.31
1614.0,1555.13,51.01,2.17,15.31
1614.1,1555.23,51.14,1.75,15.95
1614.2,1555.32,51.05,2.04,15.95
1614.3,1555.42,51.2,2.15,15.95
1614.4,1555.51,51.14,2.06,15.95
1614.5,1555.61,51.11,1.88,15.95
1614.6,1555.71,51.12,2.06,15.95
1614.7,1555.8,51.11,2.23,14.07
1614.8,1555.9,51.12,2.07,14.07
1614.9,1555.99,51.11,2.35,14.07
1615.0,1556.09,50.88,2.02,14.07
1615.1,1556.18,51.2,1.97,14.07
1615.2,1556.28,51.07,2.05,13.99
1615.3,1556.38,51.26,2.4,13.99
1615.4,1556.47,51.12,2.1,13.99
1615.5,1556.57,51.41,1.87,13.99
1615.6,1556.66,51.22,0.68,13.99
1615.7,1556.76,51.03,1.99,15.2
1615.8,1556.85,51.32,1.93,15.2
1615.9,1556.95,51.14,1.98,15.2
1616.0,1557.05,51.14,1.94,15.2
1616.1,1557.14,51.07,2.08,15.2
1616.2,1557.24,51.31,2.04,15.2
1616.3,1557.33,51.16,2.02,11.11
1616.4,1557.43,51.05,1.99,11.11
1616.5,1557.52,51.23,1.98,11.11
1616.6,1557.62,51.26,2.0,11.11
1616.7,1557.71,51.13,1.97,11.11
1616.8,1557.81,51.01,1.96,10.32
1616.9,1557.91,51.04,2.19,10.31
1617.0,1558.0,51.16,2.25,10.31
1617.1,1558.1,51.11,2.17,10.31
1617.2,1558.19,51.33,2.13,10.31
1617.3,1558.29,51.17,2.12,10.31
1617.4,1558.38,50.76,1.83,10.59
1617.5,1558.48,51.09,2.21,10.58
1617.6,1558.58,51.02,2.39,10.58
1617.7,1558.67,50.99,2.29,10.58
1617.8,1558.77,50.86,2.54,10.58
1617.9,1558.86,50.89,2.57,13.43
1618.0,1558.96,51.06,2.65,13.43
1618.1,1559.05,51.21,2.64,13.43
1618.2,1559.15,51.14,2.63,13.43
1618.3,1559.24,51.0,2.54,13.43
1618.4,1559.34,50.98,2.62,16.26
1618.5,1559.44,51.02,2.59,16.26
1618.6,1559.53,51.12,2.78,16.26
1618.7,1559.63,51.09,3.26,16.26
1618.8,1559.72,50.81,2.88,16.26
1618.9,1559.82,51.06,2.81,12.78
1619.0,1559.91,51.05,2.98,12.78
1619.1,1560.01,51.17,2.82,12.78
1619.2,1560.1,51.06,2.84,12.78
1619.3,1560.2,29.83,2.6274680354382043,12.42
1619.4,1560.3,30.15,2.1324581920506,12.42
1619.5,1560.39,30.4,1.4890884683250833,12.42
1619.6,1560.49,31.99,0.8314768627495477,12.42
1619.7,1560.58,32.47,0.29374137381188853,12.42
1619.8,1560.68,32.09,0.01,12.42
1619.9,1560.77,31.47,0.01,12.42
1620.0,1560.87,30.7,0.01,12.42
1620.1,1560.96,31.76,0.01,12.42
1620.2,1561.06,32.13,0.01,12.42
1620.3,1561.15,31.23,0.01,12.42
1620.4,1561.25,30.09,0.01,12.42
1620.5,1561.35,30.54,0.01,12.42
1620.6,1561.44,31.07,0.01,12.42
1620.7,1561.54,32.37,0.01,17.55
1620.8,1561.63,32.37,0.01,22.69
1620.9,1561.73,31.57,0.01,22.69
1621.0,1561.82,32.59,0.01,22.69
1621.1,1561.92,30.43,0.01,22.69
1621.2,1562.01,33.06,0.01,16.4
1621.3,1562.11,32.61,0.01,16.4
1621.4,1562.2,30.41,0.01,16.4
1621.5,1562.3,31.01,0.01,16.4
1621.6,1562.39,14.845,0.485,9.29
1621.7,1562.49,15.905,0.48,5.755
1621.8,1562.59,14.785,0.565,5.755
1621.9,1562.68,14.89,0.675,5.755
1622.0,1562.78,16.035,2.79,11.48
1622.1,1562.87,15.44,2.86,11.48
1622.3,1563.06,0.05,3.49,13.63
1623.1,1563.83,0.16,0.24,2.18
1623.4,1564.11,0.86,0.03,1.7
1623.5,1564.21,0.7,0.11,1.7
1623.7,1564.4,0.41,0.14,1.7
1624.3,1564.97,0.81,0.7,4.0
1624.4,1565.06,0.63,0.76,4.5
1624.8,1565.44,0.17,0.99,4.5
1625.0,1565.64,0.27,0.94,3.95
1625.1,1565.73,0.13,0.94,3.95
1625.3,1565.92,0.62,0.75,3.95
1625.4,1566.02,0.38,0.97,3.99
1625.5,1566.11,0.26,0.7,3.99
1626.2,1566.78,0.35,0.82,4.11
1626.3,1566.87,0.52,0.9,4.11
1626.7,1567.25,0.08,0.98,4.56
1626.8,1567.35,0.56,1.13,3.18
1626.9,1567.44,0.16,1.24,3.18
1627.0,1567.54,0.14,1.01,3.18
1627.5,1568.01,0.53,1.6,5.51
1627.8,1568.3,0.09,1.89,5.51
1628.0,1568.49,0.03,2.34,4.15
1628.1,1568.58,0.93,2.24,4.15
1628.3,1568.78,0.38,2.42,4.15
1628.9,1569.35,0.46,3.21,12.0
1629.1,1569.54,0.2,3.22,12.0
1629.3,1569.73,0.08,3.1,12.0
1629.7,1570.11,0.72,3.31,11.63
1629.8,1570.2,0.77,2.46,11.63
1630.0,1570.39,0.86,3.25,8.75
1630.1,1570.49,0.11,2.97,8.75
1630.4,1570.77,0.91,2.82,7.9
1630.7,1571.05,0.52,3.1,7.9
1630.8,1571.15,0.01,3.27,7.9
1631.2,1571.53,0.73,2.92,8.26
1631.3,1571.62,0.45,2.89,8.26
1631.7,1572.0,0.33,2.92,7.43
1632.3,1572.57,0.14,3.05,7.79
1632.6,1572.86,0.58,3.2,8.39
1632.8,1573.05,0.07,3.0,8.39
1633.0,1573.24,0.6,3.17,9.2
1633.1,1573.33,0.75,3.01,9.2
1633.4,1573.62,0.3,2.95,8.02
1633.9,1574.09,0.52,2.79,8.92
1634.1,1574.28,0.23,3.19,8.92
1634.2,1574.38,0.5,3.4,8.92
1634.4,1574.57,0.36,2.7,10.17
1634.6,1574.76,0.11,2.79,10.18
1634.9,1575.04,0.56,3.1,9.6
1635.1,1575.23,0.52,3.0,9.6
1635.3,1575.42,0.18,3.2,9.6
1635.4,1575.51,0.4,3.16,9.21
1636.1,1576.18,0.77,2.59,9.67
1636.8,1576.84,0.07,2.96,12.68
1636.9,1576.94,0.29,2.82,12.68
1637.0,1577.03,0.89,2.64,10.9
1637.2,1577.22,0.54,2.67,10.9
1637.5,1577.51,0.32,3.1,10.9
1637.7,1577.69,0.75,2.62,11.85
1637.9,1577.88,0.06,3.01,11.85
1638.5,1578.45,0.24,5.47,6.41
1638.7,1578.64,0.31,1.31,6.41
1639.1,1579.02,0.62,2.22,11.45
1639.8,1579.68,0.36,2.13,7.93
1639.9,1579.78,0.45,2.05,7.93
1640.1,1579.97,0.02,2.07,8.09
1640.4,1580.25,0.54,2.65,8.09
1640.6,1580.44,0.65,3.04,12.49
1640.8,1580.63,0.2,3.03,12.49
1641.0,1580.82,0.05,3.48,11.5
1641.2,1581.01,0.45,3.1,11.5
1641.4,1581.2,0.12,3.69,11.58
1641.5,1581.29,0.58,2.44,11.58
1642.7,1582.43,0.01,2.49,7.63
1643.0,1582.71,0.51,2.64,8.88
1643.3,1583.0,0.42,2.53,8.88
1643.5,1583.19,50.88,0.01,8.09
1643.6,1583.28,50.53,0.01,8.09
1643.7,1583.38,50.24,0.01,8.09
1643.8,1583.47,51.27,0.01,8.09
1643.9,1583.57,50.31,0.01,9.11
1644.0,1583.66,50.84,0.01,9.11
1644.1,1583.75,51.68,0.01,9.11
1644.2,1583.85,50.43,0.01,9.11
1644.3,1583.94,51.17,0.01,16.76
1644.4,1584.04,51.28,0.01,16.76
1644.5,1584.13,50.2,0.01,16.76
1644.6,1584.23,50.96,0.01,16.76
1644.7,1584.32,51.82,0.01,16.76
1644.8,1584.42,50.96,0.01,17.5
1644.9,1584.51,50.21,0.01,17.5
1645.0,1584.61,50.98,0.01,17.5
1645.1,1584.7,50.53,0.01,17.5
1645.2,1584.79,50.44,0.01,17.5
1645.3,1584.89,51.21,0.01,15.21
1645.4,1584.98,50.58,0.01,15.21
1645.5,1585.08,50.25,0.01,15.21
1645.6,1585.17,51.47,0.01,15.21
1645.7,1585.27,51.26,0.01,15.21
1645.8,1585.36,50.58,0.01,18.56
1645.9,1585.46,51.03,0.01,18.56
1646.0,1585.55,51.43,0.01,18.56
1646.1,1585.65,49.97,0.01,18.56
1646.2,1585.74,51.29,0.01,18.56
1646.3,1585.84,51.15,0.01,14.8
1646.4,1585.93,50.45,0.01,14.79
1646.5,1586.02,51.29,0.01,14.79
1646.6,1586.12,50.5,0.01,14.79
1646.7,1586.21,50.0,0.01,14.79
1646.8,1586.31,51.28,0.01,16.98
1646.9,1586.4,50.52,0.01,16.98
1647.0,1586.5,50.23,0.01,16.98
1647.1,1586.59,50.94,0.01,16.98
1647.2,1586.69,50.74,0.01,16.98
1647.3,1586.78,50.43,0.01,15.8
1647.4,1586.87,50.94,0.01,15.8
1647.5,1586.97,51.53,0.01,15.8
1647.6,1587.06,50.31,0.01,15.8
1647.7,1587.16,50.57,0.01,15.8
1647.8,1587.25,51.42,0.01,19.87
1647.9,1587.35,50.65,0.01,19.87
1648.0,1587.44,50.68,0.01,19.87
1648.1,1587.54,51.68,0.01,19.87
1648.2,1587.63,50.42,0.01,19.87
1648.3,1587.73,51.05,0.01,17.93
1648.4,1587.82,50.91,0.01,17.93
1648.5,1587.91,50.7,0.33,17.93
1648.6,1588.01,50.56,0.17,17.93
1648.7,1588.1,51.33,0.59,17.93
1648.8,1588.2,51.14,0.47,16.17
1648.9,1588.29,50.46,1.08,16.17
1649.0,1588.39,50.85,0.01,16.17
1649.1,1588.48,50.59,0.57,16.17
1649.2,1588.58,50.17,0.33,16.17
1649.3,1588.67,51.06,0.31,19.93
1649.4,1588.76,50.66,4.02,19.93
1649.5,1588.86,50.5,3.7,19.93
1649.6,1588.95,51.18,4.32,19.93
1649.7,1589.05,51.28,3.95,19.93
1649.8,1589.14,50.27,4.34,17.27
1649.9,1589.24,51.46,4.33,17.27
1650.0,1589.33,51.35,4.02,17.27
1650.1,1589.43,50.54,4.34,17.27
1650.2,1589.52,50.51,4.29,17.27
1650.3,1589.61,51.5,5.04,18.86
1650.4,1589.71,50.58,4.48,18.86
1650.5,1589.8,50.28,4.86,18.86
1650.6,1589.9,51.38,4.73,18.86
1650.7,1589.99,51.01,5.0,18.86
1650.8,1590.09,50.38,4.99,19.05
1650.9,1590.18,50.23,4.93,19.05
1651.0,1590.28,51.49,4.16,19.05
1651.1,1590.37,50.28,4.53,19.05
1651.2,1590.46,51.4,4.49,18.47
1651.3,1590.56,51.35,4.21,18.47
1651.4,1590.65,50.42,4.48,18.47
1651.5,1590.75,50.07,4.21,18.47
1651.6,1590.84,51.09,4.99,18.47
1651.7,1590.94,50.6,4.43,20.27
1651.8,1591.03,50.32,4.24,20.27
1651.9,1591.12,50.66,4.28,20.27
1652.0,1591.22,51.38,4.93,20.27
1652.1,1591.31,51.26,4.66,20.27
1652.2,1591.41,50.73,4.28,22.45
1652.3,1591.5,50.38,4.11,22.45
1652.4,1591.6,51.25,4.47,22.45
1652.5,1591.69,51.4,3.93,22.45
1652.6,1591.79,51.11,3.69,22.45
1652.7,1591.88,50.26,4.46,24.37
1652.8,1591.97,50.21,4.2,26.29
1652.9,1592.07,51.52,4.89,26.29
1653.0,1592.16,50.19,1.41,26.29
1653.1,1592.26,50.19,1.82,26.29
1653.2,1592.35,50.62,3.54,14.82
1653.3,1592.45,50.95,3.72,14.82
1653.4,1592.54,51.4,4.2,14.82
1653.5,1592.63,49.82,5.27,14.82
1653.6,1592.73,50.44,4.19,14.82
1653.7,1592.82,51.41,4.64,20.6
1653.8,1592.92,50.2,4.75,20.6
1653.9,1593.01,50.34,4.44,20.6
1654.0,1593.11,50.5,4.12,20.6
1654.1,1593.2,50.67,3.73,20.6
1654.2,1593.29,50.73,3.62,13.65
1654.3,1593.39,50.25,4.34,13.65
1654.4,1593.48,50.92,4.09,13.65
1654.5,1593.58,51.0,3.6,13.65
1654.6,1593.67,50.58,4.07,21.82
1654.7,1593.77,50.73,3.6,21.82
1654.8,1593.86,50.81,3.35,21.82
1654.9,1593.96,50.18,4.85,21.82
1655.0,1594.05,50.24,4.07,21.82
1655.1,1594.14,50.74,4.33,21.82
1655.2,1594.24,50.85,4.48,16.61
1655.3,1594.33,49.9,4.58,16.61
1655.4,1594.43,51.29,4.05,16.61
1655.5,1594.52,50.58,4.05,16.61
1655.6,1594.62,49.84,4.29,16.69
1655.7,1594.71,51.03,4.56,16.69
1655.8,1594.8,50.3,4.66,16.69
1655.9,1594.9,51.33,4.54,16.69
1656.0,1594.99,50.3,4.35,16.69
1656.1,1595.09,50.85,4.5,16.69
1656.2,1595.18,50.5,4.49,11.42
1656.3,1595.28,50.1,4.41,11.42
1656.4,1595.37,51.01,3.24,11.42
1656.5,1595.46,50.07,3.34,11.42
1656.6,1595.56,49.84,3.34,11.42
1656.7,1595.65,50.68,3.99,14.76
1656.8,1595.75,51.08,3.78,14.76
1656.9,1595.84,50.2,3.49,14.76
1657.0,1595.94,49.93,3.15,14.76
1657.1,1596.03,50.92,3.78,14.76
1657.2,1596.13,50.58,3.52,18.19
1657.3,1596.22,49.98,3.76,18.19
1657.4,1596.31,50.62,4.06,18.19
1657.5,1596.41,51.16,4.5,18.19
1657.6,1596.5,50.68,4.01,18.19
1657.7,1596.6,50.29,3.47,13.79
1657.8,1596.69,50.23,3.55,13.79
1657.9,1596.79,51.34,4.11,13.79
1658.0,1596.88,50.58,3.72,13.79
1658.1,1596.97,50.91,3.88,13.79
1658.2,1597.07,51.36,3.67,16.09
1658.3,1597.16,50.56,3.76,16.09
1658.4,1597.26,50.87,3.66,16.09
1658.5,1597.35,51.03,4.24,16.09
1658.6,1597.45,50.42,3.98,16.09
1658.7,1597.54,50.32,3.63,15.87
1658.8,1597.64,50.99,3.61,15.87
1658.9,1597.73,50.49,3.78,15.87
1659.0,1597.82,51.27,3.8,15.87
1659.1,1597.92,51.29,3.85,15.87
1659.2,1598.01,50.57,3.92,17.85
1659.3,1598.11,50.6,3.84,17.85
1659.4,1598.2,50.73,3.69,17.85
1659.5,1598.3,51.35,4.21,17.85
1659.6,1598.39,50.18,3.8,17.85
1659.7,1598.48,50.28,3.91,19.16
1659.8,1598.58,51.2,4.0,19.16
1659.9,1598.67,51.05,4.24,19.16
1660.0,1598.77,50.12,3.99,19.16
1660.1,1598.86,51.29,3.24,19.16
1660.2,1598.96,50.44,3.54,16.56
1660.3,1599.05,50.48,3.78,16.56
1660.4,1599.14,51.26,4.06,16.56
1660.5,1599.24,50.62,3.21,16.56
1660.6,1599.33,50.69,3.1,16.56
1660.7,1599.43,50.93,3.48,15.3
1660.8,1599.52,50.09,3.55,15.3
1660.9,1599.62,51.37,3.5,15.3
1661.0,1599.71,51.15,3.54,15.3
1661.1,1599.81,50.4,3.85,15.3
1661.2,1599.9,51.04,3.77,16.85
1661.3,1599.99,50.97,3.62,16.85
1661.4,1600.09,50.23,3.42,16.85
1661.5,1600.18,51.07,3.27,16.85
1661.6,1600.28,50.92,4.17,16.85
1661.7,1600.37,50.45,3.58,16.09
1661.8,1600.47,50.99,3.56,16.09
1661.9,1600.56,51.13,3.08,16.09
1662.0,1600.66,50.22,3.62,16.09
1662.1,1600.75,50.34,3.99,16.09
1662.2,1600.84,51.18,4.27,17.84
1662.3,1600.94,51.11,4.36,17.84
1662.4,1601.03,50.21,5.05,17.84
1662.5,1601.13,51.24,3.31,17.84
1662.6,1601.22,50.29,3.22,17.84
1662.7,1601.32,50.67,3.61,17.67
1662.8,1601.41,51.31,3.7,17.67
1662.9,1601.5,50.68,3.33,17.67
1663.0,1601.6,50.83,3.62,17.67
1663.1,1601.69,50.94,3.63,17.67
1663.2,1601.79,51.02,3.85,17.17
1663.3,1601.88,50.62,3.92,17.17
1663.4,1601.98,51.08,3.36,17.17
1663.5,1602.07,51.19,3.78,17.17
1663.6,1602.17,50.55,4.15,17.17
1663.7,1602.26,51.69,3.55,16.71
1663.8,1602.35,50.44,3.2,16.71
1663.9,1602.45,50.29,3.62,16.71
1664.0,1602.54,51.09,3.4,16.71
1664.1,1602.64,51.23,4.11,16.71
1664.2,1602.73,50.44,4.12,17.07
1664.3,1602.83,51.11,4.08,17.07
1664.4,1602.92,51.27,4.19,17.07
1664.5,1603.01,51.07,4.03,17.07
1664.6,1603.11,50.2,4.17,17.07
1664.7,1603.2,51.43,3.82,17.07
1664.8,1603.3,50.13,3.42,15.91
1664.9,1603.39,50.61,3.51,15.91
1665.0,1603.49,51.08,3.91,15.91
1665.1,1603.58,50.77,3.87,15.91
1665.2,1603.68,51.16,3.45,15.91
1665.3,1603.77,51.26,3.02,14.58
1665.4,1603.86,50.67,3.37,14.58
1665.5,1603.96,51.39,3.05,14.58
1665.6,1604.05,51.09,3.1,14.58
1665.7,1604.15,50.95,3.53,14.58
1665.8,1604.24,50.53,3.28,15.04
1665.9,1604.34,50.91,3.4,15.51
1666.0,1604.43,51.13,3.32,15.51
1666.1,1604.53,50.88,3.52,15.51
1666.2,1604.62,51.12,3.16,15.51
1666.3,1604.71,50.27,3.65,15.51
1666.4,1604.81,51.3,3.58,14.74
1666.5,1604.9,51.24,3.24,14.74
1666.6,1605.0,50.32,3.23,14.74
1666.7,1605.09,50.86,3.19,14.74
1666.8,1605.19,51.36,3.14,14.74
1666.9,1605.28,50.42,3.2,14.77
1667.1,1605.47,50.13,2.67,14.77
1667.2,1605.56,49.79,2.43,14.77
1667.3,1605.66,51.22,3.05,14.77
1667.4,1605.75,49.99,2.88,14.77
1667.5,1605.85,50.89,2.65,10.56
1667.6,1605.94,50.21,3.03,10.56
1667.7,1606.04,50.41,2.71,10.56
1667.8,1606.13,50.43,2.5,10.56
1667.9,1606.22,50.82,2.71,12.33
1668.0,1606.32,49.9,2.58,12.33
1668.1,1606.41,50.32,2.57,12.33
1668.2,1606.51,50.67,2.91,12.33
1668.3,1606.6,50.84,4.78,12.33
1668.4,1606.7,51.01,4.8,12.33
1668.5,1606.79,50.25,5.2,18.22
1668.6,1606.89,50.68,4.61,18.22
1668.7,1606.98,50.56,4.62,18.22
1668.8,1607.07,49.9,4.66,18.22
1668.9,1607.17,50.43,4.76,18.22
1669.0,1607.26,51.16,5.02,18.06
1669.1,1607.36,50.4,5.38,18.06
1669.2,1607.45,50.18,4.96,18.06
1669.3,1607.55,50.39,5.16,18.06
1669.4,1607.64,50.35,5.02,21.45
1669.5,1607.74,49.81,4.82,21.45
1669.6,1607.83,50.58,5.24,21.45
1669.7,1607.92,51.42,5.61,21.45
1669.8,1608.02,50.52,5.54,21.45
1669.9,1608.11,50.22,5.06,19.36
1670.0,1608.21,50.48,4.98,19.36
1670.1,1608.3,50.85,5.19,19.36
1670.2,1608.4,49.93,5.76,19.36
1670.3,1608.49,49.96,5.51,19.36
1670.4,1608.59,50.84,5.33,20.9
1670.5,1608.68,50.84,5.34,20.9
1670.6,1608.77,50.16,5.22,20.9
1670.7,1608.87,50.22,4.79,20.9
1670.8,1608.96,50.93,5.09,20.9
1670.9,1609.06,50.82,5.47,23.46
1671.0,1609.15,49.91,5.39,23.46
1671.1,1609.25,49.56,5.21,23.46
1671.2,1609.34,50.85,5.57,23.46
1671.3,1609.44,50.72,5.56,23.46
1671.4,1609.53,50.0,5.55,24.79
1671.5,1609.62,50.74,5.2,24.79
1671.6,1609.72,50.85,4.74,24.79
1671.7,1609.81,49.97,4.93,24.79
1671.8,1609.91,50.5,5.1,18.95
1671.9,1610.0,50.03,4.94,18.95
1672.0,1610.1,49.6,4.17,18.95
1672.1,1610.19,51.06,4.11,18.95
1672.2,1610.29,51.17,3.81,18.95
1672.3,1610.38,50.15,4.21,15.66
1672.4,1610.47,50.57,4.41,15.66
1672.5,1610.57,50.85,4.33,15.66
1672.6,1610.66,50.22,4.28,15.66
1672.7,1610.76,50.17,4.3,15.66
1672.8,1610.85,50.34,4.69,22.96
1672.9,1610.95,51.39,4.94,22.97
1673.0,1611.04,50.35,4.52,22.97
1673.1,1611.14,50.22,4.29,22.97
1673.2,1611.23,51.01,4.24,22.97
1673.3,1611.32,50.0,4.17,18.15
1673.4,1611.42,50.77,3.87,18.15
1673.5,1611.51,51.04,3.76,18.15
1673.6,1611.61,50.13,3.9,18.15
1673.7,1611.7,49.89,4.59,18.15
1673.8,1611.8,50.38,5.24,19.36
1673.9,1611.89,51.09,5.21,19.36
1674.0,1611.99,49.91,4.97,19.36
1674.1,1612.08,49.98,5.11,19.36
1674.2,1612.17,50.72,4.85,19.36
1674.3,1612.27,50.56,4.67,19.18
1674.4,1612.36,49.99,4.69,19.18
1674.5,1612.46,50.62,4.51,19.18
1674.6,1612.55,50.67,5.01,19.18
1674.7,1612.65,50.2,4.97,19.18
1674.8,1612.74,50.52,4.93,19.38
1674.9,1612.84,51.02,4.56,19.38
1675.0,1612.93,50.59,5.64,19.38
1675.1,1613.02,50.1,5.15,19.38
1675.2,1613.12,51.16,4.79,16.57
1675.3,1613.21,50.23,5.14,16.57
1675.4,1613.31,51.34,5.0,16.57
1675.5,1613.4,50.26,4.69,16.57
1675.6,1613.5,50.49,4.44,16.57
1675.7,1613.59,50.85,3.85,16.57
1675.8,1613.69,51.01,4.3,12.94
1675.9,1613.78,50.71,4.17,12.94
1676.0,1613.87,50.78,4.61,12.94
1676.1,1613.97,50.05,4.14,12.94
1676.2,1614.06,50.75,4.19,12.94
1676.3,1614.16,50.84,4.21,14.18
1676.4,1614.25,50.28,4.26,14.18
1676.5,1614.35,50.74,4.0,14.18
1676.6,1614.44,50.61,3.95,14.18
1676.7,1614.54,49.55,1.66,14.18
1676.8,1614.63,49.97,2.92,11.58
1676.9,1614.72,49.99,3.2,11.58
1677.0,1614.82,49.45,3.31,11.58
1677.1,1614.91,49.57,4.47,11.58
1677.2,1615.01,50.33,4.38,11.58
1677.3,1615.1,49.62,4.09,21.31
1677.4,1615.2,49.7,4.3,21.31
1677.5,1615.29,50.46,3.89,21.31
1677.6,1615.38,49.78,4.36,21.31
1677.7,1615.48,49.61,4.18,17.93
1677.8,1615.57,49.25,4.31,17.93
1677.9,1615.67,50.01,4.7,17.93
1678.0,1615.76,50.47,5.33,17.93
1678.1,1615.86,49.24,4.91,17.93
1678.2,1615.95,50.23,4.73,19.65
1678.3,1616.05,49.82,4.73,19.65
1678.4,1616.14,49.76,4.48,19.65
1678.5,1616.23,50.16,4.38,19.65
1678.6,1616.33,50.61,4.46,19.65
1678.7,1616.42,49.53,4.75,17.91
1678.8,1616.52,49.76,4.89,17.91
1678.9,1616.61,50.33,4.83,17.91
1679.0,1616.71,49.44,4.59,17.91
1679.1,1616.8,49.5,5.06,17.91
1679.2,1616.89,50.0,5.06,21.46
1679.3,1616.99,50.17,4.96,21.46
1679.4,1617.08,49.64,4.89,21.46
1679.5,1617.18,49.15,4.76,21.46
1679.6,1617.27,49.98,5.06,21.46
1679.7,1617.37,50.33,4.99,20.14
1679.8,1617.46,49.75,5.04,20.14
1679.9,1617.55,49.29,5.09,20.14
1680.0,1617.65,50.04,5.12,20.14
1680.3,1617.93,0.36,9.32,14.76
1681.2,1618.78,0.56,4.23,12.71
1681.8,1619.35,0.22,2.51,11.91
1682.3,1619.82,0.05,3.43,6.12
1682.4,1619.91,0.41,3.3,6.12
1682.6,1620.1,0.01,3.39,3.68
1683.3,1620.76,0.07,3.82,11.55
1683.4,1620.86,0.12,3.85,11.55
1683.9,1621.33,0.25,4.46,13.93
1684.0,1621.42,0.24,4.31,13.93
1684.1,1621.52,0.03,4.09,13.22
1684.2,1621.61,0.63,4.12,13.22
1684.6,1621.99,0.23,4.07,9.58
1684.7,1622.08,0.03,4.21,9.58
1685.2,1622.55,0.99,4.28,13.58
1685.4,1622.74,0.49,4.12,13.58
1685.6,1622.93,0.08,4.73,13.48
1686.2,1623.5,0.66,4.85,8.88
1686.6,1623.87,0.28,4.74,10.81
1687.0,1624.25,0.18,4.9,10.81
1687.1,1624.34,1.06,5.18,10.81
1687.4,1624.63,0.47,6.33,13.59
1687.8,1625.0,0.66,5.16,17.87
1687.9,1625.1,0.21,5.25,17.87
1688.1,1625.29,0.78,4.79,8.47
1688.2,1625.38,0.02,4.81,8.47
1688.6,1625.76,0.34,4.7,10.11
1688.9,1626.04,0.49,5.28,10.11
1689.4,1626.51,0.45,5.36,14.16
1689.6,1626.7,0.03,5.28,12.64
1690.0,1627.08,0.14,5.26,12.64
1690.6,1627.64,0.43,5.37,10.89
1690.8,1627.83,0.05,5.98,14.11
1691.3,1628.3,0.34,6.15,12.03
1692.0,1628.96,0.66,5.76,14.2
1692.3,1629.24,1.35,6.15,12.13
1692.5,1629.43,0.83,5.74,12.13
1692.8,1629.71,0.64,5.97,13.56
1693.0,1629.9,0.43,6.0,13.56
1694.5,1631.31,49.18,0.01,21.49
1694.7,1631.5,48.9,0.01,16.74
1694.8,1631.6,48.74,0.01,16.74
1694.9,1631.69,49.36,0.01,16.74
1695.0,1631.78,49.64,0.01,16.74
1695.1,1631.88,49.93,0.01,16.74
1695.2,1631.97,49.16,0.01,16.74
1695.3,1632.07,49.21,0.01,21.49
1695.5,1632.26,49.43,0.21,21.49
1695.6,1632.35,49.76,1.36,14.35
1695.7,1632.44,50.25,3.32,14.35
1695.8,1632.54,50.09,2.38,14.35
1695.9,1632.63,50.36,2.39,14.35
1696.0,1632.73,49.16,2.24,14.35
1696.1,1632.82,49.64,2.6,7.34
1696.2,1632.91,48.73,3.13,7.34
1696.3,1633.01,50.0,3.07,7.34
1696.4,1633.1,48.83,3.21,7.34
1696.5,1633.2,49.44,3.31,7.34
1696.6,1633.29,49.68,3.27,14.88
1696.7,1633.38,49.49,3.27,14.88
1696.8,1633.48,48.46,3.13,14.88
1696.9,1633.57,49.72,3.02,14.88
1697.0,1633.67,49.72,2.91,14.88
1697.1,1633.76,49.75,3.13,9.19
1697.2,1633.86,48.59,3.7,9.19
1697.3,1633.95,49.63,3.25,9.19
1697.4,1634.04,49.73,3.11,9.19
1697.5,1634.14,49.87,3.37,11.98
1697.6,1634.23,48.71,3.71,11.98
1697.7,1634.33,49.92,3.4,11.98
1697.8,1634.42,48.93,3.27,11.98
1697.9,1634.51,49.55,3.21,11.98
1698.0,1634.61,49.81,3.11,10.46
1698.1,1634.7,49.34,3.26,10.46
1698.2,1634.8,49.85,3.19,10.46
1698.3,1634.89,48.98,3.52,10.46
1698.4,1634.98,49.5,3.35,10.46
1698.5,1635.08,49.56,3.32,9.48
1698.6,1635.17,48.88,3.51,9.48
1698.7,1635.27,49.37,3.47,9.48
1698.8,1635.36,49.9,3.49,9.48
1698.9,1635.45,49.18,3.63,9.48
1699.0,1635.55,49.57,3.53,12.64
1699.1,1635.64,48.76,3.54,12.64
1699.2,1635.74,49.74,3.65,12.64
1699.3,1635.83,48.79,3.74,12.64
1699.4,1635.92,49.67,3.55,12.64
1699.5,1636.02,48.91,3.53,11.98
1699.6,1636.11,49.75,3.33,11.98
1699.7,1636.2,48.66,3.64,11.98
1699.8,1636.3,49.32,3.36,11.98
1699.9,1636.39,49.62,3.48,11.98
1700.0,1636.49,0.82,2.79,9.58
1700.2,1636.67,0.61,3.47,9.58
1700.4,1636.86,0.65,3.51,9.58
1700.6,1637.05,0.18,3.64,7.31
1700.7,1637.14,0.6,3.78,7.31
1700.8,1637.24,0.43,4.16,7.31
1701.1,1637.52,0.13,4.09,11.67
1701.3,1637.71,0.34,3.97,11.67
1701.4,1637.8,0.2,4.03,5.17
1701.5,1637.89,0.62,4.19,5.17
1701.6,1637.99,0.25,4.14,5.17
1702.1,1638.46,0.23,4.45,5.06
1702.3,1638.64,0.49,4.58,5.06
1702.4,1638.74,0.07,4.52,8.24
1702.5,1638.83,0.54,4.83,8.24
1702.7,1639.02,0.57,4.99,8.24
1702.9,1639.2,1.05,5.23,12.77
1703.3,1639.58,0.23,5.52,12.77
1703.6,1639.86,0.1,4.35,12.33
1703.7,1639.95,0.96,4.12,12.33
1703.9,1640.14,0.83,3.39,5.79
1704.3,1640.52,0.47,3.86,5.79
1704.4,1640.61,0.07,4.0,5.2
1704.5,1640.7,0.57,3.75,5.2
1704.6,1640.8,1.1,3.74,5.2
1704.7,1640.89,0.51,3.89,5.2
1705.0,1641.17,0.63,3.91,1.92
1705.1,1641.26,0.52,3.91,1.92
1705.2,1641.36,0.43,3.85,1.92
1705.5,1641.64,0.16,3.96,5.83
1705.6,1641.73,0.71,4.16,5.83
1705.7,1641.82,0.12,4.16,5.83
1705.9,1642.01,0.85,4.18,7.07
1706.1,1642.2,1.11,4.39,7.07
1706.3,1642.38,0.62,4.22,10.89
1706.5,1642.57,0.48,4.5,10.89
1706.7,1642.76,0.05,4.36,10.89
1706.9,1642.94,0.3,4.47,11.88
1707.0,1643.04,0.02,4.46,11.88
1707.4,1643.41,0.17,4.6,12.53
1707.5,1643.5,0.93,5.07,12.53
1707.8,1643.78,0.01,5.09,16.31
1707.9,1643.88,0.44,5.01,16.31
1708.0,1643.97,0.32,4.99,16.31
1708.6,1644.53,1.3,4.55,5.35
1708.8,1644.72,0.62,4.76,9.06
1709.0,1644.9,0.02,4.38,9.06
1709.1,1644.99,0.39,4.57,9.06
1709.3,1645.18,0.2,4.56,10.18
1709.6,1645.46,0.42,4.89,10.18
1709.8,1645.65,0.63,5.0,12.84
1709.9,1645.74,0.37,5.19,12.84
1710.1,1645.93,0.15,4.8,12.84
1710.3,1646.11,0.96,4.93,14.04
1710.5,1646.3,0.05,4.97,14.04
1710.6,1646.39,0.19,4.83,14.04
1710.8,1646.58,0.45,5.07,13.93
1711.1,1646.86,0.22,5.1,13.93
1711.2,1646.95,0.11,5.45,15.0
1711.5,1647.23,0.62,5.6,15.0
1711.6,1647.32,0.71,5.59,15.0
1711.8,1647.51,0.25,5.53,10.03
1712.1,1647.79,0.21,5.27,10.03
1712.3,1647.98,0.72,5.41,9.21
1712.5,1648.16,39.82,0.01,9.21
1712.6,1648.25,39.12,0.01,9.21
1712.7,1648.35,39.92,0.01,7.49
1712.8,1648.44,39.92,0.01,7.49
1712.9,1648.53,39.52,1.96,7.49
1713.0,1648.63,40.15,1.97,7.49
1713.1,1648.72,39.14,1.8,7.49
1713.2,1648.81,40.43,1.83,7.49
1713.3,1648.91,39.69,2.02,8.71
1713.4,1649.0,40.21,2.15,8.71
1713.5,1649.09,39.57,2.3,8.71
1713.6,1649.19,39.92,2.08,8.71
1713.7,1649.28,39.15,2.2,8.71
1713.8,1649.37,40.19,2.46,11.17
1713.9,1649.46,39.34,2.29,11.17
1714.0,1649.56,40.22,2.31,11.17
1714.1,1649.65,38.93,2.43,11.17
1714.2,1649.74,40.6,2.21,11.17
1714.3,1649.84,40.15,2.14,9.92
1714.4,1649.93,39.71,2.32,9.92
1714.5,1650.02,40.05,2.16,9.92
1714.6,1650.12,39.36,1.97,9.92
1714.7,1650.21,39.88,1.94,9.92
1714.8,1650.3,39.37,2.07,10.23
1714.9,1650.4,40.41,2.05,10.23
1715.0,1650.49,39.91,2.02,10.23
1715.1,1650.58,39.21,2.23,10.23
1715.2,1650.68,39.51,2.0,10.23
1715.3,1650.77,39.36,1.88,12.01
1715.4,1650.86,39.84,2.22,12.01
1715.5,1650.95,40.05,1.97,12.01
1715.6,1651.05,39.33,2.42,12.01
1715.7,1651.14,40.19,2.18,12.01
1715.8,1651.23,38.96,2.27,10.36
1715.9,1651.33,40.3,2.27,10.36
1716.0,1651.42,39.22,2.46,10.36
1716.1,1651.51,39.11,2.21,10.36
1716.2,1651.61,40.37,1.97,10.36
1716.3,1651.7,40.24,1.89,7.14
1716.4,1651.79,39.78,2.03,7.14
1716.5,1651.89,40.58,1.9,7.14
1716.6,1651.98,39.14,2.14,7.14
1716.7,1652.07,39.24,1.95,7.14
1716.8,1652.16,39.96,2.06,6.11
1716.9,1652.26,40.1,2.13,6.11
1717.0,1652.35,39.56,2.03,6.11
1717.1,1652.44,38.91,1.94,6.11
1717.2,1652.54,40.21,2.08,6.11
1717.3,1652.63,40.1,2.35,7.28
1717.4,1652.72,39.92,1.91,7.28
1717.5,1652.82,39.58,1.86,7.28
1717.6,1652.91,40.35,1.84,7.28
1717.7,1653.0,40.17,2.09,7.28
1717.8,1653.1,39.23,2.24,5.58
1717.9,1653.19,40.17,2.48,5.58
1718.0,1653.28,39.29,2.55,5.58
1718.1,1653.37,39.74,2.8,5.58
1718.2,1653.47,40.37,2.9,5.58
1718.3,1653.56,39.27,2.79,13.0
1718.4,1653.65,40.19,2.48,13.0
1718.5,1653.75,39.29,2.5,13.0
1718.6,1653.84,39.68,2.57,13.0
1718.7,1653.93,39.07,2.6,13.0
1718.8,1654.03,40.55,2.7,10.83
1718.9,1654.12,39.59,2.91,10.83
1719.0,1654.21,40.18,2.74,10.83
1719.1,1654.31,38.7,2.76,10.83
1719.2,1654.4,40.4,2.59,10.83
1719.3,1654.49,38.98,2.88,11.45
1719.4,1654.58,40.32,3.05,11.45
1719.5,1654.68,39.88,2.84,11.45
1719.6,1654.77,39.48,2.78,11.45
1719.7,1654.86,40.06,2.8,11.45
1719.8,1654.96,39.51,2.69,9.95
1719.9,1655.05,39.25,2.69,9.95
1720.0,1655.14,39.26,2.79,9.95
1720.1,1655.24,39.77,3.1,9.95
1720.2,1655.33,39.38,3.44,9.95
1720.3,1655.42,40.58,3.34,11.31
1720.4,1655.52,39.84,3.08,11.31
1720.5,1655.61,40.22,3.06,11.31
1720.6,1655.7,39.36,3.33,11.31
1720.7,1655.79,39.99,3.01,11.31
1720.8,1655.89,39.84,3.1,9.69
1720.9,1655.98,40.23,3.07,9.69
1721.0,1656.07,38.96,3.36,9.69
1721.1,1656.17,40.38,3.08,9.69
1721.2,1656.26,39.16,3.2,9.69
1721.3,1656.35,40.4,3.16,9.69
1721.4,1656.45,39.43,3.56,10.9
1721.5,1656.54,39.37,3.51,10.9
1721.6,1656.63,39.45,3.33,10.9
1721.7,1656.72,39.91,3.08,10.9
1721.8,1656.82,39.08,2.9,10.9
1721.9,1656.91,40.24,3.07,9.39
1722.0,1657.0,39.91,3.18,9.39
1722.1,1657.1,40.15,3.27,9.39
1722.2,1657.19,38.63,3.18,9.39
1722.3,1657.28,40.35,3.23,9.39
1722.4,1657.38,39.15,3.16,10.32
1722.5,1657.47,40.12,3.27,10.32
1722.6,1657.56,39.18,3.11,10.32
1722.7,1657.66,40.13,3.33,10.32
1722.8,1657.75,39.09,3.65,10.32
1722.9,1657.84,40.32,3.22,9.98
1723.0,1657.93,39.28,3.05,9.98
1723.1,1658.03,39.46,2.93,9.98
1723.2,1658.12,40.37,3.02,9.98
1723.3,1658.21,39.4,3.29,9.98
1723.4,1658.31,40.3,3.44,9.98
1723.5,1658.4,40.05,3.11,8.07
1723.6,1658.49,49.99,0.82,8.07
1723.7,1658.59,49.17,1.88,8.07
1723.8,1658.68,48.53,2.53,8.07
1723.9,1658.77,49.49,2.65,8.07
1724.0,1658.86,49.09,2.66,7.28
1724.1,1658.96,49.76,2.82,7.28
1724.2,1659.05,49.07,3.23,7.28
1724.3,1659.14,48.91,3.27,7.28
1724.4,1659.24,50.06,3.17,7.28
1724.5,1659.33,49.24,3.1,15.38
1724.6,1659.42,49.98,3.16,15.38
1724.7,1659.52,50.05,2.98,15.38
1724.8,1659.61,48.19,3.33,15.38
1724.9,1659.7,49.73,3.24,15.38
1725.0,1659.79,50.09,3.09,15.56
1725.1,1659.89,49.83,3.04,15.56
1725.2,1659.98,49.05,2.92,15.56
1725.3,1660.07,49.39,2.98,15.56
1725.4,1660.17,49.77,3.13,15.56
1725.5,1660.26,49.54,2.96,12.03
1725.6,1660.35,49.44,3.13,12.03
1725.7,1660.44,48.85,3.07,12.03
1725.8,1660.54,49.88,3.24,12.03
1725.9,1660.63,48.76,3.15,12.03
1726.0,1660.72,49.79,3.0,12.43
1726.1,1660.82,48.9,3.22,12.43
1726.2,1660.91,49.99,3.17,12.43
1726.3,1661.0,50.1,3.23,12.43
1726.4,1661.09,48.89,3.28,13.14
1726.5,1661.19,49.17,3.11,13.14
1726.6,1661.28,49.14,3.02,13.14
1726.7,1661.37,50.46,3.31,13.14
1726.8,1661.47,48.82,3.29,13.14
1726.9,1661.56,50.23,3.44,12.3
1727.0,1661.65,48.93,3.25,12.3
1727.1,1661.74,50.14,3.15,12.3
1727.2,1661.84,48.98,3.2,12.3
1727.3,1661.93,49.93,3.08,12.3
1727.4,1662.02,49.24,3.03,10.83
1727.5,1662.12,49.85,2.97,10.83
1727.6,1662.21,49.96,3.17,10.83
1727.7,1662.3,49.19,3.02,10.83
1727.8,1662.39,49.92,3.29,10.83
1727.9,1662.49,49.01,3.34,9.78
1728.0,1662.58,49.27,3.3,9.78
1728.1,1662.67,49.78,3.23,9.78
1728.2,1662.76,49.67,3.4,9.78
1728.3,1662.86,50.24,3.5,9.78
1728.4,1662.95,48.95,3.21,11.52
1728.5,1663.04,49.91,3.32,11.52
1728.6,1663.14,49.22,3.51,11.52
1728.7,1663.23,49.73,3.34,11.52
1728.8,1663.32,49.12,3.41,11.52
1728.9,1663.41,49.97,3.13,13.29
1729.1,1663.6,0.35,2.94,13.29
1729.3,1663.78,0.93,3.5,13.29
1729.5,1663.97,0.9,4.01,7.88
1729.7,1664.15,0.15,3.94,7.88
1729.9,1664.34,1.09,4.5,13.04
1730.0,1664.43,0.5,4.39,13.04
1730.2,1664.62,0.48,4.42,13.04
1730.3,1664.71,1.36,3.93,8.29
1730.7,1665.08,0.82,4.44,8.29
1731.1,1665.45,0.33,4.28,10.84
1731.2,1665.54,0.03,4.59,10.84
1731.4,1665.73,0.69,4.44,13.68
1731.5,1665.82,0.39,4.59,13.68
1731.7,1666.0,0.52,4.52,13.68
1732.0,1666.28,1.03,4.9,16.04
1732.1,1666.37,0.45,4.61,16.04
1732.3,1666.56,0.18,4.65,14.74
1732.5,1666.74,0.59,5.0,14.74
1732.6,1666.83,0.17,4.86,14.74
1732.8,1667.02,0.43,5.2,14.76
1733.0,1667.2,1.1,5.12,14.76
1733.3,1667.48,0.37,5.14,11.74
1733.4,1667.57,1.0,4.52,11.74
1733.5,1667.67,0.15,4.84,11.74
1733.8,1667.94,0.05,5.16,9.0
1733.9,1668.03,0.26,5.43,9.0
1734.0,1668.13,1.39,5.22,9.0
1734.2,1668.31,0.79,5.2,9.0
1734.6,1668.68,0.96,5.15,12.12
1735.0,1669.05,1.17,5.26,11.43
1735.3,1669.32,0.82,5.78,12.8
1735.4,1669.42,0.02,5.49,12.8
1735.5,1669.51,0.99,5.3,12.8
1735.8,1669.79,0.85,5.69,6.31
1736.0,1669.97,0.3,5.43,6.31
1736.1,1670.06,1.02,5.69,6.31
1736.3,1670.25,0.66,5.65,13.93
1736.4,1670.34,0.02,5.92,13.93
1736.7,1670.61,0.04,6.39,17.07
1736.9,1670.8,0.74,3.8,17.07
1737.0,1670.89,0.53,3.59,17.07
1737.2,1671.07,0.02,3.42,12.45
1737.3,1671.17,0.32,3.39,12.45
1737.4,1671.26,1.04,3.43,12.45
1738.3,1672.08,0.36,4.12,19.69
1738.6,1672.36,0.54,4.21,19.69
1739.0,1672.73,0.48,3.51,17.58
1739.3,1673.0,0.62,3.72,9.63
1739.4,1673.1,1.02,3.34,9.63
1739.7,1673.37,0.26,3.64,13.93
1739.8,1673.46,0.31,3.63,13.93
1739.9,1673.55,0.37,3.59,13.93
1740.0,1673.65,0.19,3.85,13.93
1740.1,1673.74,0.31,3.95,13.14
1740.2,1673.83,0.9,3.59,13.14
1740.6,1674.2,0.94,3.51,13.73
1740.7,1674.29,0.3,3.63,13.73
1740.9,1674.47,0.58,3.67,13.73
1741.2,1674.75,0.78,3.91,15.06
1741.5,1675.02,0.66,4.94,15.06
1741.8,1675.3,40.46,0.01,15.98
1741.9,1675.39,41.6,2.09,15.98
1742.0,1675.48,41.9,1.65,15.98
1742.1,1675.58,40.78,2.01,15.98
1742.2,1675.67,40.9,2.27,7.58
1742.3,1675.76,40.66,2.7,7.58
1742.4,1675.85,42.07,2.97,7.58
1742.5,1675.94,40.91,2.39,7.58
1742.6,1676.03,40.61,2.26,7.58
1742.7,1676.13,42.04,2.44,19.14
1742.8,1676.22,40.73,2.6,19.14
1742.9,1676.31,40.56,2.74,19.14
1743.0,1676.4,41.0,2.56,19.14
1743.1,1676.49,41.51,2.72,19.14
1743.2,1676.59,40.61,2.47,18.02
1743.3,1676.68,41.7,1.93,18.02
1743.4,1676.77,41.48,1.93,18.02
1743.5,1676.86,40.7,2.4,18.02
1743.6,1676.95,40.68,2.55,18.02
1743.7,1677.04,41.33,2.56,17.68
1743.8,1677.14,41.74,3.05,17.68
1743.9,1677.23,40.81,3.43,17.68
1744.0,1677.32,41.33,3.25,17.68
1744.1,1677.41,40.61,3.38,17.68
1744.2,1677.5,42.01,2.69,12.85
1744.3,1677.6,40.57,2.43,12.85
1744.4,1677.69,41.53,2.15,12.85
1744.5,1677.78,40.54,2.06,12.85
1744.6,1677.87,40.4,2.01,12.85
1744.7,1677.96,41.59,2.22,13.45
1744.8,1678.05,40.61,2.01,13.45
1744.9,1678.15,41.36,2.01,13.45
1745.0,1678.24,41.67,2.49,13.45
1745.1,1678.33,41.48,2.71,13.45
1745.2,1678.42,40.48,3.15,17.5
1745.3,1678.51,41.47,2.45,17.5
1745.4,1678.6,41.84,2.61,17.5
1745.5,1678.7,41.14,2.83,17.5
1745.6,1678.79,40.38,2.82,17.5
1745.7,1678.88,42.04,3.41,20.38
1745.8,1678.97,40.89,2.89,20.38
1745.9,1679.06,40.73,2.94,20.38
1746.0,1679.16,41.53,3.03,20.38
1746.1,1679.25,41.79,3.11,20.38
1746.2,1679.34,40.78,3.46,17.34
1746.3,1679.43,41.24,3.4,17.34
1746.4,1679.52,41.76,3.0,17.34
1746.5,1679.61,40.9,2.99,17.34
1746.6,1679.71,40.43,3.13,17.34
1746.7,1679.8,41.31,3.0,17.85
1746.8,1679.89,41.95,2.96,17.85
1746.9,1679.98,40.62,2.98,17.85
1747.0,1680.07,41.36,3.04,17.85
1747.1,1680.16,41.13,2.99,17.85
1747.2,1680.26,40.72,2.51,16.26
1747.3,1680.35,40.96,2.8,16.26
1747.4,1680.44,41.84,2.92,16.26
1747.5,1680.53,40.53,2.85,16.26
1747.6,1680.62,41.86,3.05,16.26
1747.7,1680.71,40.8,2.54,16.54
1747.8,1680.81,40.68,2.64,16.54
1747.9,1680.9,41.77,2.51,16.54
1748.0,1680.99,40.66,2.7,16.54
1748.1,1681.08,40.66,2.54,16.54
1748.2,1681.17,41.5,3.14,18.0
1748.3,1681.27,41.78,3.63,18.0
1748.4,1681.36,40.41,2.67,18.0
1748.5,1681.45,40.6,2.9,18.0
1748.6,1681.54,40.82,2.34,18.0
1748.7,1681.63,40.63,2.11,13.2
1748.8,1681.72,41.73,3.05,13.2
1748.9,1681.82,40.42,2.88,13.2
1749.0,1681.91,40.47,2.4,13.2
1749.1,1682.0,41.96,2.74,13.2
1749.2,1682.09,40.91,2.68,15.95
1749.3,1682.18,40.45,2.96,15.95
1749.4,1682.27,41.71,4.3,15.95
1749.5,1682.37,41.95,3.84,15.95
1749.6,1682.46,40.69,4.18,15.95
1749.7,1682.55,41.64,3.65,19.82
1749.8,1682.64,40.74,3.46,19.82
1749.9,1682.73,41.58,3.59,19.82
1750.0,1682.82,41.38,3.42,19.82
1750.1,1682.92,40.62,3.59,19.82
1750.2,1683.01,41.47,2.62,19.82
1750.3,1683.1,40.98,2.43,12.29
1750.4,1683.19,40.81,2.52,12.29
1750.5,1683.28,42.12,2.79,12.29
1750.6,1683.37,40.45,2.6,12.29
1750.7,1683.47,41.56,2.48,12.29
1750.8,1683.56,40.65,1.93,13.41
1750.9,1683.65,40.62,1.75,13.41
1751.0,1683.74,41.33,2.23,13.41
1751.1,1683.83,40.67,2.41,13.41
1751.2,1683.92,40.94,2.11,13.41
1751.3,1684.02,41.24,2.13,13.41
1751.4,1684.11,41.04,2.9,13.23
1751.5,1684.2,40.46,2.7,13.23
1751.6,1684.29,41.6,2.74,13.23
1751.7,1684.38,41.28,2.9,13.23
1751.8,1684.47,40.69,3.28,13.23
1751.9,1684.57,41.55,2.57,16.45
1752.0,1684.66,41.69,2.63,16.45
1752.1,1684.75,40.31,2.89,16.45
1752.2,1684.84,40.97,2.9,16.45
1752.3,1684.93,40.77,1.96,16.45
1752.4,1685.02,40.18,1.82,16.45
1752.5,1685.12,41.18,2.38,16.45
1752.6,1685.21,42.44,4.21,16.45
1752.7,1685.3,40.6,4.39,8.86
1752.8,1685.39,41.45,3.79,8.86
1752.9,1685.48,41.81,3.95,8.86
1753.0,1685.57,40.57,4.39,8.86
1753.1,1685.66,41.92,4.61,16.22
1753.2,1685.76,40.52,4.27,16.22
1753.3,1685.85,41.35,4.83,16.22
1753.4,1685.94,41.66,4.9,16.22
1753.5,1686.03,40.39,4.47,16.22
1753.6,1686.12,41.35,4.24,11.67
1753.7,1686.21,40.74,4.36,11.67
1753.8,1686.31,41.24,4.25,11.67
1753.9,1686.4,40.64,4.3,11.67
1754.0,1686.49,41.73,4.27,11.67
1754.1,1686.58,40.43,4.58,13.19
1754.2,1686.67,40.79,4.37,13.19
1754.3,1686.76,41.15,4.69,13.19
1754.4,1686.86,40.12,4.22,13.19
1754.5,1686.95,41.12,4.39,13.19
1754.6,1687.04,41.43,4.5,13.69
1754.7,1687.13,40.66,4.47,13.69
1754.8,1687.22,41.81,4.33,13.69
1754.9,1687.31,40.4,4.31,13.69
1755.0,1687.41,41.47,4.36,13.69
1755.1,1687.5,41.61,4.52,15.08
1755.2,1687.59,40.77,4.81,15.08
1755.3,1687.68,41.61,4.47,15.08
1755.4,1687.77,40.71,4.08,15.08
1755.5,1687.86,41.25,4.24,15.08
1755.6,1687.95,40.37,3.98,12.05
1755.7,1688.05,41.67,4.03,12.05
1755.8,1688.14,40.96,4.39,12.05
1755.9,1688.23,41.38,4.1,12.05
1756.0,1688.32,40.63,4.28,12.05
1756.1,1688.41,41.47,4.4,10.94
1756.2,1688.5,41.8,4.25,10.94
1756.3,1688.6,40.53,4.39,10.94
1756.4,1688.69,41.12,4.42,10.94
1756.5,1688.78,41.64,4.56,15.35
1756.6,1688.87,40.69,4.92,15.35
1756.7,1688.96,41.17,4.27,15.35
1756.8,1689.05,40.57,4.05,15.35
1756.9,1689.15,41.0,4.34,15.35
1757.0,1689.24,42.0,3.99,15.35
1757.1,1689.33,40.24,4.17,12.49
1757.2,1689.42,41.73,4.23,12.49
1757.3,1689.51,40.3,4.54,12.49
1757.4,1689.6,41.32,4.13,12.49
1757.5,1689.69,41.56,4.43,12.49
1757.6,1689.79,41.54,4.47,15.16
1757.7,1689.88,40.92,4.34,15.16
1757.8,1689.97,0.72,0.51,15.16
1758.1,1690.24,0.58,3.1,9.65
1758.6,1690.7,0.9,5.93,21.73
1758.7,1690.79,0.05,2.54,21.73
1758.8,1690.88,0.72,3.04,21.73
1759.1,1691.16,0.84,3.65,8.32
1759.3,1691.34,1.03,3.92,8.32
1759.6,1691.62,0.74,4.34,14.22
1759.8,1691.8,0.99,4.29,14.22
1759.9,1691.89,1.0,3.12,14.2
1760.5,1692.44,0.84,3.15,3.42
1760.6,1692.53,0.16,3.18,3.42
1760.8,1692.71,0.48,3.46,3.42
1760.9,1692.81,0.09,3.8,3.42
1761.0,1692.9,0.97,3.86,8.95
1761.3,1693.17,0.45,4.16,8.95
1761.5,1693.35,0.26,4.43,12.32
1761.7,1693.54,0.4,4.51,12.32
1761.8,1693.63,0.67,4.37,12.32
1762.0,1693.81,43.33,0.01,11.95
1762.1,1693.9,43.28,1.98,11.95
1762.2,1693.99,42.83,1.99,11.95
1762.3,1694.09,43.54,2.07,11.95
1762.4,1694.18,43.76,2.14,11.95
1762.5,1694.27,43.01,2.16,13.76
1762.6,1694.36,43.64,1.66,13.76
1762.7,1694.45,42.72,1.85,13.76
1762.8,1694.54,42.32,2.25,13.76
1762.9,1694.63,42.8,3.28,15.83
1763.0,1694.73,43.0,2.64,15.84
1763.1,1694.82,42.7,2.37,15.84
1763.2,1694.91,43.56,2.43,15.84
1763.3,1695.0,42.86,2.46,15.84
1763.4,1695.09,43.37,2.67,14.26
1763.5,1695.18,43.51,2.45,14.26
1763.6,1695.27,43.4,2.97,14.26
1763.7,1695.37,42.42,2.93,14.26
1763.8,1695.46,43.45,2.69,14.26
1763.9,1695.55,43.71,3.01,18.86
1764.0,1695.64,42.57,2.92,18.86
1764.1,1695.73,42.33,2.84,18.86
1764.2,1695.82,43.82,2.62,18.86
1764.3,1695.91,42.99,2.61,18.86
1764.4,1696.01,42.51,2.71,17.27
1764.5,1696.1,44.06,3.48,17.27
1764.6,1696.19,43.23,2.77,17.27
1764.7,1696.28,42.67,3.22,17.27
1764.8,1696.37,43.2,3.16,17.27
1764.9,1696.46,42.99,3.01,19.93
1765.0,1696.55,42.76,2.54,19.93
1765.1,1696.65,43.57,2.71,19.93
1765.2,1696.74,42.95,2.51,19.93
1765.3,1696.83,42.72,2.84,19.93
1765.4,1696.92,43.31,2.87,14.73
1765.5,1697.01,42.67,2.6,14.73
1765.6,1697.1,43.84,2.45,14.73
1765.7,1697.19,42.87,2.59,14.73
1765.8,1697.29,42.52,3.12,14.73
1765.9,1697.38,43.94,2.86,14.66
1766.0,1697.47,43.06,2.91,14.66
1766.1,1697.56,43.54,2.72,14.66
1766.2,1697.65,43.85,2.82,14.66
1766.3,1697.74,43.62,2.94,14.66
1766.4,1697.83,43.32,2.76,15.8
1766.5,1697.93,43.89,2.93,15.8
1766.6,1698.02,42.89,3.13,15.8
1766.7,1698.11,43.35,2.83,15.8
1766.8,1698.2,43.79,2.94,15.29
1766.9,1698.29,42.98,2.95,15.29
1767.0,1698.38,42.68,3.07,15.29
1767.1,1698.47,43.7,2.9,15.29
1767.2,1698.57,42.85,3.19,15.29
1767.3,1698.66,42.64,3.27,16.98
1767.4,1698.75,43.56,4.53,18.67
1767.5,1698.84,43.83,3.89,18.67
1767.6,1698.93,42.6,3.65,18.67
1767.7,1699.02,43.35,3.59,18.67
1767.8,1699.11,43.97,3.55,17.1
1767.9,1699.21,42.66,3.76,17.1
1768.0,1699.3,42.72,4.11,17.1
1768.1,1699.39,42.76,3.49,17.1
1768.2,1699.48,43.6,2.99,17.1
1768.3,1699.57,43.32,2.92,13.57
1768.4,1699.66,42.88,3.47,13.56
1768.5,1699.75,43.92,3.2,13.56
1768.6,1699.85,42.55,3.35,13.56
1768.7,1699.94,43.17,3.3,13.56
1768.8,1700.03,43.53,3.31,15.58
1768.9,1700.12,42.61,3.29,15.58
1769.0,1700.21,42.68,2.89,15.58
1769.1,1700.3,43.68,2.87,15.58
1769.2,1700.39,42.84,2.84,15.58
1769.3,1700.49,43.76,2.81,11.16
1769.4,1700.58,43.11,2.95,11.16
1769.5,1700.67,43.79,2.76,11.16
1769.6,1700.76,43.37,2.57,11.16
1769.7,1700.85,42.75,3.02,11.16
1769.8,1700.94,42.49,2.91,9.4
1769.9,1701.03,43.79,3.31,9.4
1770.0,1701.13,42.87,3.26,9.4
1770.1,1701.22,42.52,3.13,9.4
1770.2,1701.31,43.46,3.14,9.4
1770.3,1701.4,43.84,3.68,9.4
1770.4,1701.49,42.43,3.05,15.71
1770.5,1701.58,43.62,3.24,15.71
1770.6,1701.68,43.56,3.22,15.71
1770.7,1701.77,42.67,3.37,15.71
1770.8,1701.86,43.41,3.32,15.71
1770.9,1701.95,43.68,3.29,15.43
1771.0,1702.04,43.13,3.69,15.43
1771.1,1702.13,42.36,3.44,15.43
1771.2,1702.22,43.68,3.27,15.43
1771.3,1702.32,42.98,3.24,15.43
1771.4,1702.41,42.58,3.58,17.84
1771.5,1702.5,43.97,3.2,17.84
1771.6,1702.59,42.78,3.01,17.84
1771.7,1702.68,42.39,2.99,17.84
1771.8,1702.77,43.35,3.46,17.84
1771.9,1702.87,43.87,4.11,16.38
1772.0,1702.96,42.31,3.88,16.38
1772.1,1703.05,43.36,3.88,16.38
1772.2,1703.14,43.74,3.72,16.38
1772.3,1703.23,42.61,2.79,14.7
1772.4,1703.32,43.65,2.75,14.7
1772.5,1703.41,43.39,3.49,14.7
1772.6,1703.51,42.45,3.34,14.7
1772.7,1703.6,43.69,3.02,14.7
1772.8,1703.69,42.33,2.68,14.7
1772.9,1703.78,43.38,2.9,14.32
1773.0,1703.87,43.51,3.45,14.32
1773.1,1703.96,42.83,3.09,14.32
1773.2,1704.06,43.44,3.15,14.32
1773.3,1704.15,42.74,2.76,14.15
1773.4,1704.24,43.21,2.91,14.15
1773.5,1704.33,42.68,3.04,14.15
1773.6,1704.42,42.41,3.04,14.15
1773.7,1704.51,43.41,2.88,14.15
1773.8,1704.61,43.39,3.17,14.15
1773.9,1704.7,42.72,3.36,12.57
1774.0,1704.79,42.53,3.91,12.57
1774.1,1704.88,43.82,3.85,12.57
1774.2,1704.97,42.7,3.48,12.57
1774.3,1705.06,42.96,3.28,12.57
1774.4,1705.15,43.0,3.21,17.34
1774.5,1705.25,43.13,2.8,17.34
1774.6,1705.34,43.83,2.82,17.34
1774.7,1705.43,43.42,2.62,17.34
1774.8,1705.52,43.78,2.98,17.34
1774.9,1705.61,42.57,3.09,11.81
1775.0,1705.7,43.49,3.01,11.81
1775.1,1705.8,42.99,2.81,11.81
1775.2,1705.89,42.35,3.24,11.81
1775.3,1705.98,43.54,3.08,14.28
1775.4,1706.07,42.65,2.84,14.29
1775.5,1706.16,42.57,2.97,14.29
1775.6,1706.25,43.33,3.34,14.29
1775.7,1706.35,42.62,2.98,14.29
1775.8,1706.44,42.94,2.28,14.17
1775.9,1706.53,42.92,2.41,14.17
1776.0,1706.62,43.78,2.51,14.17
1776.1,1706.71,42.6,2.77,14.17
1776.2,1706.8,43.62,2.86,14.17
1776.3,1706.9,42.74,2.92,14.17
1776.4,1706.99,42.56,2.88,11.89
1776.5,1707.08,43.68,2.76,11.89
1776.6,1707.17,42.5,2.3,11.89
1776.7,1707.26,43.41,1.75,11.89
1776.8,1707.35,43.1,2.18,14.9
1776.9,1707.45,42.18,2.51,14.9
1777.0,1707.54,43.47,2.14,14.9
1777.1,1707.63,43.0,2.26,14.9
1777.2,1707.72,42.37,2.77,14.9
1777.3,1707.81,43.57,3.23,14.9
1777.4,1707.9,43.78,3.17,17.5
1777.5,1708.0,42.79,3.91,17.5
1777.6,1708.09,42.45,3.65,17.5
1777.7,1708.18,43.44,3.98,17.5
1777.8,1708.27,42.7,4.55,20.5
1777.9,1708.36,43.47,3.21,20.5
1778.0,1708.45,43.98,3.04,20.5
1778.1,1708.55,43.18,2.98,20.5
1778.2,1708.64,42.94,3.35,20.5
1778.3,1708.73,43.63,3.13,20.5
1778.4,1708.82,42.7,2.69,13.24
1778.5,1708.91,43.22,3.14,13.24
1778.6,1709.01,43.75,3.54,13.24
1778.7,1709.1,43.56,3.93,13.24
1778.8,1709.19,42.58,3.69,13.24
1778.9,1709.28,42.71,3.77,20.07
1779.0,1709.37,43.37,3.78,20.08
1779.1,1709.46,42.57,3.46,20.08
1779.2,1709.56,43.84,2.94,20.08
1779.3,1709.65,43.58,2.62,20.08
1779.4,1709.74,42.45,2.59,20.08
1779.5,1709.83,42.56,2.54,14.97
1779.6,1709.92,43.85,2.77,14.97
1779.7,1710.01,43.46,2.97,14.97
1779.8,1710.11,42.13,3.09,14.97
1779.9,1710.2,42.83,3.05,14.97
1780.0,1710.29,43.84,3.24,20.43
1780.1,1710.38,43.3,3.43,20.43
1780.2,1710.47,42.52,3.85,20.43
1780.3,1710.56,43.65,3.2,20.43
1780.4,1710.66,43.71,3.34,20.43
1780.5,1710.75,42.79,3.47,20.43
1780.6,1710.84,43.31,4.02,16.94
1780.7,1710.93,43.56,4.52,16.94
1780.8,1711.02,43.81,4.19,16.94
1780.9,1711.12,42.59,4.65,16.94
1781.0,1711.21,43.15,0.41,16.94
1781.1,1711.3,41.85,2.93,9.43
1781.2,1711.39,41.18,2.48,9.43
1781.3,1711.48,41.88,1.66,9.43
1781.4,1711.57,41.35,1.54,9.43
1781.5,1711.67,43.01,2.05,9.43
1781.6,1711.76,41.47,1.97,8.72
1781.7,1711.85,41.32,1.62,8.72
1781.8,1711.94,42.35,1.87,8.72
1781.9,1712.03,42.57,2.05,8.72
1782.0,1712.13,41.42,2.19,8.72
1782.1,1712.22,42.34,2.29,11.47
1782.2,1712.31,42.88,2.35,11.47
1782.3,1712.4,41.58,2.49,11.47
1782.4,1712.49,42.32,2.17,11.47
1782.5,1712.58,42.42,1.89,11.47
1782.6,1712.68,42.65,1.81,12.33
1782.7,1712.77,41.83,1.8,12.33
1782.8,1712.86,42.44,1.74,12.33
1782.9,1712.95,41.5,2.21,12.33
1783.0,1713.04,42.6,1.87,12.33
1783.1,1713.14,41.67,2.11,12.16
1783.2,1713.23,41.88,2.08,12.16
1783.3,1713.32,42.48,2.38,12.16
1783.4,1713.41,41.4,1.99,12.16
1783.5,1713.5,41.61,1.58,12.16
1783.6,1713.6,41.42,3.46,10.97
1783.7,1713.69,41.72,3.58,10.97
1783.8,1713.78,42.93,3.65,10.97
1783.9,1713.87,42.08,3.71,10.97
1784.0,1713.96,42.44,3.9,8.09
1784.1,1714.05,42.71,3.44,8.09
1784.2,1714.15,41.51,3.89,8.09
1784.3,1714.24,41.5,3.63,8.09
1784.4,1714.33,42.86,3.81,8.09
1784.5,1714.42,41.71,3.9,7.73
1784.6,1714.51,42.71,4.0,7.73
1784.7,1714.61,41.42,3.86,7.73
1784.8,1714.7,42.77,4.03,7.73
1784.9,1714.79,41.58,3.99,7.73
1785.0,1714.88,42.28,4.05,13.14
1785.1,1714.97,41.55,3.93,13.14
1785.2,1715.07,41.83,4.19,13.14
1785.3,1715.16,42.04,4.05,13.14
1785.4,1715.25,41.53,4.13,13.14
1785.5,1715.34,42.56,4.03,12.22
1785.6,1715.43,41.84,4.01,12.22
1785.7,1715.52,42.35,3.93,12.22
1785.8,1715.62,41.62,3.94,12.22
1785.9,1715.71,41.26,3.98,12.22
1786.0,1715.8,42.57,3.82,9.58
1786.1,1715.89,41.41,4.02,9.58
1786.2,1715.98,41.99,3.98,9.58
1786.3,1716.08,41.44,3.76,9.58
1786.4,1716.17,41.58,3.73,9.58
1786.5,1716.26,42.65,3.69,9.34
1786.6,1716.35,42.34,3.84,9.34
1786.7,1716.44,41.85,3.82,9.34
1786.8,1716.54,42.82,3.77,9.34
1786.9,1716.63,42.68,3.82,7.44
1787.0,1716.72,42.2,3.99,7.44
1787.1,1716.81,42.37,3.88,7.44
1787.2,1716.9,41.87,4.01,7.44
1787.3,1716.99,42.87,3.9,7.44
1787.4,1717.09,41.07,4.06,8.31
1787.5,1717.18,42.87,4.11,8.31
1787.6,1717.27,41.57,4.04,8.31
1787.7,1717.36,42.53,4.43,8.31
1787.8,1717.45,42.07,4.13,8.31
1787.9,1717.55,41.65,3.86,10.11
1788.0,1717.64,42.89,3.99,10.11
1788.1,1717.73,42.38,4.02,10.11
1788.2,1717.82,42.74,3.74,10.11
1788.3,1717.91,42.43,3.5,10.11
1788.4,1718.01,42.52,3.75,6.69
1788.5,1718.1,42.59,3.58,6.69
1788.6,1718.19,41.28,3.37,6.69
1788.7,1718.28,42.41,3.86,6.69
1788.8,1718.37,41.72,3.32,6.69
1788.9,1718.46,42.45,3.57,5.11
1789.0,1718.56,42.82,3.42,5.11
1789.1,1718.65,42.45,3.66,5.11
1789.2,1718.74,43.04,3.54,5.11
1789.3,1718.83,42.99,3.41,5.11
1789.4,1718.92,41.79,3.33,5.81
1789.5,1719.02,42.5,3.92,5.81
1789.6,1719.11,42.59,3.68,5.81
1789.7,1719.2,42.59,3.48,5.81
1789.8,1719.29,42.31,3.59,5.81
1789.9,1719.38,41.58,3.58,6.75
1790.0,1719.47,42.47,3.44,6.75
1790.1,1719.57,41.51,3.82,6.75
1790.2,1719.66,42.74,3.67,6.75
1790.3,1719.75,41.44,3.86,6.75
1790.4,1719.84,41.68,4.1,11.11
1790.5,1719.93,42.61,4.37,11.11
1790.6,1720.03,42.51,3.88,11.11
1790.7,1720.12,42.87,3.86,11.11
1790.8,1720.21,42.34,4.37,11.11
1790.9,1720.3,41.81,3.99,12.07
1791.0,1720.39,41.56,3.94,12.07
1791.1,1720.48,41.4,3.71,12.07
1791.2,1720.58,42.54,3.76,12.07
1791.3,1720.67,41.62,4.04,12.07
1791.4,1720.76,42.45,4.13,10.52
1791.5,1720.85,41.61,3.61,10.52
1791.6,1720.94,42.36,3.7,10.52
1791.7,1721.04,41.52,4.51,10.52
1791.8,1721.13,42.68,3.7,10.52
1791.9,1721.22,41.67,3.63,11.67
1792.0,1721.31,41.81,3.95,11.67
1792.1,1721.4,42.65,4.02,11.67
1792.2,1721.49,42.6,3.22,11.67
1792.3,1721.59,41.97,3.01,11.67
1792.4,1721.68,42.45,2.96,12.66
1792.5,1721.77,42.6,3.01,12.66
1792.6,1721.86,42.68,2.96,12.66
1792.7,1721.95,41.89,2.89,12.66
1792.8,1722.04,42.75,3.09,12.66
1792.9,1722.14,42.31,3.01,10.86
1793.0,1722.23,42.52,2.92,10.86
1793.1,1722.32,42.65,2.91,10.86
1793.2,1722.41,42.14,2.84,10.86
1793.3,1722.5,42.57,3.05,13.23
1793.4,1722.6,41.37,3.07,13.24
1793.5,1722.69,42.03,2.95,13.24
1793.6,1722.78,42.43,3.06,13.24
1793.7,1722.87,41.93,2.87,13.24
1793.8,1722.96,41.31,3.13,13.24
1793.9,1723.05,42.75,3.5,10.98
1794.0,1723.15,41.72,3.9,10.98
1794.1,1723.24,43.27,3.14,10.98
1794.2,1723.33,42.17,3.25,10.98
1794.3,1723.42,42.87,3.53,11.82
1794.4,1723.51,41.75,3.43,11.82
1794.5,1723.6,42.66,3.14,11.82
1794.6,1723.7,41.36,3.11,11.82
1794.7,1723.79,42.52,3.19,11.82
1794.8,1723.88,41.96,3.58,11.51
1794.9,1723.97,41.55,3.62,11.51
1795.0,1724.06,41.74,3.3,11.51
1795.1,1724.16,42.61,3.21,11.51
1795.2,1724.25,41.88,3.33,11.51
1795.3,1724.34,41.38,4.09,11.93
1795.4,1724.43,42.7,4.05,11.93
1795.5,1724.52,41.67,3.59,11.93
1795.6,1724.61,42.41,3.64,11.93
1795.7,1724.71,42.7,3.9,11.93
1795.8,1724.8,41.88,4.4,14.38
1795.9,1724.89,42.2,4.15,14.39
1796.0,1724.98,41.58,3.71,14.39
1796.1,1725.07,42.48,3.72,14.39
1796.2,1725.16,42.13,3.84,14.39
1796.3,1725.26,42.43,3.4,11.99
1796.4,1725.35,43.16,3.51,11.99
1796.5,1725.44,41.62,3.61,11.99
1796.6,1725.53,41.56,3.56,11.99
1796.7,1725.62,42.16,3.45,7.71
1796.8,1725.71,41.59,3.38,7.71
1796.9,1725.81,42.83,3.79,7.71
1797.0,1725.9,41.5,3.76,7.71
1797.1,1725.99,42.4,3.77,7.71
1797.2,1726.08,41.78,3.84,11.16
1797.3,1726.17,41.65,3.51,11.16
1797.4,1726.26,42.75,3.53,11.16
1797.5,1726.36,41.47,3.56,11.16
1797.6,1726.45,41.8,3.37,11.16
1797.7,1726.54,41.5,3.38,9.05
1797.8,1726.63,42.49,3.57,9.05
1797.9,1726.72,42.72,3.18,9.05
1798.0,1726.81,41.34,3.02,9.05
1798.1,1726.91,42.22,3.59,9.05
1798.2,1727.0,42.47,3.34,9.53
1798.3,1727.09,42.63,3.32,9.53
1798.4,1727.18,42.14,3.63,9.53
1798.5,1727.27,42.98,3.56,9.53
1798.6,1727.36,41.34,3.44,9.53
1798.7,1727.46,43.54,3.61,12.64
1798.8,1727.55,41.34,3.28,12.64
1798.9,1727.64,42.58,3.38,12.64
1799.0,1727.73,41.62,3.12,12.64
1799.1,1727.82,42.31,3.31,12.64
1799.2,1727.91,41.69,3.46,12.64
1799.3,1728.01,41.41,3.44,10.12
1799.4,1728.1,42.52,3.9,10.11
1799.5,1728.19,42.49,3.18,10.11
1799.6,1728.28,41.41,3.22,10.11
1799.7,1728.37,42.32,3.32,10.11
1799.8,1728.46,41.45,3.19,10.91
1799.9,1728.56,42.67,3.06,10.91
1800.2,1728.83,89.39,2.25,10.91
1800.3,1728.92,89.55,1.09,10.91
1800.4,1729.01,89.92,0.54,10.91
1800.5,1729.11,89.64,0.77,10.91
1800.6,1729.2,88.9,3.14,8.75
1800.7,1729.29,89.72,4.66,8.75
1800.8,1729.38,89.13,3.44,8.75
1800.9,1729.47,89.71,3.44,8.75
1801.0,1729.56,89.21,3.59,7.24
1801.1,1729.66,90.01,3.77,7.24
1801.2,1729.75,89.79,4.54,7.24
1801.3,1729.84,89.74,5.12,7.24
1801.4,1729.93,89.12,4.88,7.24
1801.5,1730.02,89.78,5.09,2.76
1801.6,1730.11,89.57,5.0,2.76
1801.7,1730.2,89.05,4.9,2.76
1801.8,1730.3,89.66,4.84,2.76
1801.9,1730.39,89.36,4.66,2.76
1802.0,1730.48,89.86,4.67,4.8
1802.1,1730.57,89.73,4.61,4.8
1802.2,1730.66,89.7,4.16,4.8
1802.3,1730.75,89.14,4.58,4.8
1802.4,1730.85,88.89,4.57,4.8
1802.5,1730.94,89.35,5.09,6.92
1802.6,1731.03,90.02,4.87,6.92
1802.7,1731.12,89.39,4.61,6.92
1802.8,1731.21,89.26,4.28,6.92
1802.9,1731.3,89.12,4.78,6.92
1803.0,1731.4,89.8,4.74,9.27
1803.1,1731.49,89.37,4.69,9.27
1803.2,1731.58,89.64,5.19,9.27
1803.3,1731.67,89.11,4.5,9.27
1803.4,1731.76,88.96,4.26,9.27
1803.5,1731.85,89.58,4.55,6.79
1803.6,1731.94,89.2,5.0,6.79
1803.7,1732.04,88.85,4.92,6.79
1803.8,1732.13,89.38,5.06,6.79
1803.9,1732.22,89.69,4.83,6.79
1804.0,1732.31,89.31,4.9,4.77
1804.1,1732.4,89.16,4.53,4.77
1804.2,1732.49,90.02,4.44,4.77
1804.3,1732.59,88.78,4.42,4.77
1804.4,1732.68,89.93,4.81,4.77
1804.5,1732.77,89.44,5.13,4.77
1804.6,1732.86,89.29,4.67,7.55
1804.7,1732.95,89.74,4.93,7.55
1804.8,1733.04,89.75,4.79,7.55
1804.9,1733.13,89.31,4.84,7.55
1805.0,1733.23,89.39,5.16,7.55
1805.1,1733.32,89.0,5.0,4.26
1805.2,1733.41,90.51,4.88,4.26
1805.3,1733.5,89.59,4.92,4.26
1805.4,1733.59,88.97,4.97,4.26
1805.5,1733.68,89.23,5.2,4.26
1805.6,1733.78,89.63,5.24,4.57
1805.7,1733.87,89.47,5.21,4.57
1805.8,1733.96,89.26,5.09,4.57
1805.9,1734.05,89.88,5.13,4.57
1806.0,1734.14,89.16,5.07,4.57
1806.1,1734.23,89.64,4.92,4.57
1806.2,1734.32,90.03,4.78,3.42
1806.3,1734.42,89.08,5.0,3.42
1806.4,1734.51,89.83,5.1,3.42
1806.5,1734.6,89.4,4.98,3.42
1806.6,1734.69,89.56,4.23,3.42
1806.7,1734.78,89.79,4.67,3.42
1806.8,1734.87,89.23,4.46,2.71
1806.9,1734.96,88.96,4.77,2.71
1807.0,1735.06,89.95,4.23,2.71
1807.1,1735.15,89.66,4.92,2.71
1807.2,1735.24,88.68,5.14,2.71
1807.3,1735.33,90.23,5.74,5.79
1807.4,1735.42,89.93,5.45,5.8
1807.5,1735.51,89.18,5.36,5.8
1807.6,1735.6,90.49,5.49,5.8
1807.7,1735.7,88.91,5.56,5.8
1807.8,1735.79,89.22,5.84,6.07
1807.9,1735.88,89.75,6.6,6.07
1808.0,1735.97,89.09,6.46,6.07
1808.1,1736.06,89.94,6.56,6.07
1808.2,1736.15,88.62,6.57,6.07
1808.3,1736.25,89.28,6.61,11.11
1808.4,1736.34,89.98,6.69,11.11
1808.5,1736.43,89.34,6.67,11.11
1808.6,1736.52,89.9,6.52,11.11
1808.7,1736.61,90.01,6.66,11.11
1808.8,1736.7,89.13,6.81,5.83
1808.9,1736.79,89.0,6.85,5.83
1809.0,1736.89,89.85,6.72,5.83
1809.1,1736.98,89.77,6.46,5.83
1809.2,1737.07,89.49,6.77,5.89
1809.3,1737.16,89.57,6.53,5.89
1809.4,1737.25,89.19,6.69,5.89
1809.5,1737.34,89.43,4.72,5.89
1809.6,1737.43,89.07,6.22,5.89
1809.7,1737.53,89.37,6.96,5.41
1809.8,1737.62,90.04,7.1,5.41
1809.9,1737.71,88.66,7.04,5.41
1810.0,1737.8,90.06,6.75,5.41
1810.1,1737.89,89.5,6.55,5.41
1810.2,1737.98,89.89,6.26,5.89
1810.3,1738.07,90.09,6.44,5.89
1810.4,1738.17,89.74,6.49,5.89
1810.5,1738.26,90.15,6.79,5.89
1810.6,1738.35,89.58,6.72,5.89
1810.7,1738.44,88.77,6.38,5.81
1810.8,1738.53,89.47,6.8,5.81
1810.9,1738.62,89.42,6.64,5.81
1811.0,1738.71,90.15,6.62,5.81
1811.1,1738.8,89.26,6.55,5.81
1811.2,1738.9,89.73,6.9,5.93
1811.3,1738.99,89.0,6.78,5.93
1811.4,1739.08,90.24,7.01,5.93
1811.5,1739.17,89.62,6.84,5.93
1811.6,1739.26,90.3,6.56,5.93
1811.7,1739.35,89.61,6.96,5.86
1811.8,1739.44,90.04,6.91,5.86
1811.9,1739.54,88.91,6.68,5.86
1812.0,1739.63,89.85,6.69,5.86
1812.1,1739.72,89.96,6.95,5.86
1812.2,1739.81,89.3,6.78,5.79
1812.3,1739.9,89.34,6.78,5.79
1812.4,1739.99,89.4,6.85,5.79
1812.5,1740.08,89.88,6.93,5.79
1812.6,1740.18,89.65,6.76,5.83
1812.7,1740.27,90.0,6.81,5.83
1812.8,1740.36,89.46,6.45,5.83
1812.9,1740.45,89.89,6.59,5.83
1813.0,1740.54,89.06,6.75,5.83
1813.1,1740.63,89.61,6.89,6.01
1813.2,1740.72,88.87,6.68,6.01
1813.3,1740.81,89.33,6.59,6.01
1813.4,1740.91,89.79,6.47,6.01
1813.5,1741.0,89.61,6.68,6.01
1813.6,1741.09,89.59,6.01,4.74
1813.7,1741.18,89.28,6.86,4.74
1813.8,1741.27,89.13,6.92,4.74
1813.9,1741.36,89.43,6.76,4.74
1814.0,1741.45,89.5,6.78,4.74
1814.1,1741.55,89.77,6.9,5.83
1814.2,1741.64,89.05,6.67,5.83
1814.3,1741.73,89.48,6.74,5.83
1814.4,1741.82,89.7,6.57,5.83
1814.5,1741.91,89.76,6.72,5.83
1814.6,1742.0,88.97,6.61,6.72
1814.7,1742.09,88.73,6.96,6.72
1814.8,1742.18,89.42,6.89,6.72
1814.9,1742.28,89.79,7.18,6.72
1815.0,1742.37,90.37,6.57,6.72
1815.1,1742.46,90.12,6.8,6.22
1815.2,1742.55,90.13,6.96,6.22
1815.3,1742.64,90.33,6.69,6.22
1815.4,1742.73,90.25,6.74,6.22
1815.5,1742.82,89.24,6.86,6.22
1815.6,1742.92,89.38,7.02,5.92
1815.7,1743.01,88.91,6.65,5.92
1815.8,1743.1,90.31,6.79,5.92
1815.9,1743.19,89.86,6.87,5.92
1816.0,1743.28,89.47,4.62,5.92
1816.1,1743.37,89.25,5.35,5.92
1816.2,1743.46,89.49,6.19,4.97
1816.3,1743.55,89.76,6.74,4.97
1816.4,1743.65,90.0,6.88,4.97
1816.5,1743.74,89.82,6.95,4.97
1816.6,1743.83,89.5,6.97,7.05
1816.7,1743.92,89.55,7.14,7.05
1816.8,1744.01,89.63,6.83,7.05
1816.9,1744.1,89.82,6.83,7.05
1817.0,1744.19,89.92,7.07,7.05
1817.1,1744.28,89.42,7.1,4.18
1817.2,1744.38,89.49,7.03,4.18
1817.3,1744.47,89.49,7.06,4.18
1817.4,1744.56,89.64,7.2,4.18
1817.5,1744.65,103.02,6.5,4.18
1817.6,1744.74,103.63,6.63,7.99
1817.7,1744.83,103.29,6.34,7.99
1817.8,1744.92,102.98,6.99,7.99
1817.9,1745.01,103.55,6.64,7.99
1818.0,1745.11,102.69,7.07,7.99
1818.1,1745.2,103.09,7.08,9.63
1818.2,1745.29,103.31,6.89,9.63
1818.3,1745.38,102.91,6.65,9.63
1818.4,1745.47,103.09,6.4,9.63
1818.5,1745.56,103.76,7.02,9.63
1818.6,1745.65,102.93,6.99,11.02
1818.7,1745.74,102.89,7.09,11.02
1818.8,1745.84,102.91,7.19,11.02
1818.9,1745.93,103.11,7.11,11.02
1819.0,1746.02,103.29,7.07,11.02
1819.1,1746.11,104.01,6.11,5.75
1819.2,1746.2,102.98,6.08,5.75
1819.3,1746.29,103.06,5.82,5.75
1819.4,1746.38,102.57,6.0,5.75
1819.5,1746.47,103.03,5.52,5.75
1819.6,1746.57,103.45,5.44,5.94
1819.7,1746.66,104.28,5.33,5.94
1819.8,1746.75,103.9,5.81,5.94
1819.9,1746.84,102.91,5.84,5.94
1820.0,1746.93,103.94,6.69,12.07
1820.1,1747.02,103.04,6.28,12.07
1820.2,1747.11,103.68,6.27,12.07
1820.3,1747.2,102.99,5.93,12.07
1820.4,1747.29,103.0,6.35,12.07
1820.5,1747.39,103.4,6.13,12.07
1820.6,1747.48,104.25,6.03,5.16
1820.7,1747.57,104.05,5.63,5.16
1820.8,1747.66,103.33,5.78,5.16
1820.9,1747.75,103.46,5.88,5.16
1821.0,1747.84,102.88,6.0,7.71
1821.1,1747.93,103.77,6.03,7.71
1821.2,1748.02,103.12,6.07,7.71
1821.3,1748.12,103.66,5.84,7.71
1821.4,1748.21,102.95,5.4,7.71
1821.5,1748.3,103.09,5.9,7.35
1821.6,1748.39,103.01,6.27,7.35
1821.7,1748.48,103.5,6.1,7.35
1821.8,1748.57,103.84,5.73,7.35
1821.9,1748.66,103.01,5.8,7.35
1822.0,1748.75,102.9,5.89,6.33
1822.1,1748.84,103.13,5.83,6.33
1822.2,1748.94,103.39,5.86,6.33
1822.3,1749.03,103.18,5.59,6.33
1822.4,1749.12,103.53,5.85,6.33
1822.5,1749.21,102.94,5.57,8.84
1822.6,1749.3,102.67,6.17,8.84
1822.7,1749.39,103.62,6.62,8.84
1822.8,1749.48,103.25,6.69,8.84
1822.9,1749.57,103.63,6.4,8.84
1823.0,1749.66,103.19,6.83,11.84
1823.1,1749.76,103.4,6.9,11.84
1823.2,1749.85,103.4,6.78,11.84
1823.3,1749.94,103.19,6.84,11.84
1823.4,1750.03,103.2,6.72,11.84
1823.5,1750.12,103.57,6.83,8.52
1823.6,1750.21,103.11,6.73,8.52
1823.7,1750.3,104.03,7.0,8.52
1823.8,1750.39,103.08,6.77,8.52
1823.9,1750.48,103.22,6.49,8.52
1824.0,1750.58,103.43,6.79,8.4
1824.1,1750.67,103.04,6.58,8.4
1824.2,1750.76,103.41,6.47,8.4
1824.3,1750.85,103.19,6.67,8.4
1824.4,1750.94,103.79,6.56,8.4
1824.5,1751.03,103.06,6.65,8.63
1824.6,1751.12,103.63,6.44,8.63
1824.7,1751.21,103.27,7.03,8.63
1824.8,1751.3,103.57,6.85,8.63
1824.9,1751.4,102.84,6.95,8.63
1825.0,1751.49,103.51,6.8,9.88
1825.1,1751.58,103.11,7.15,9.88
1825.2,1751.67,103.32,6.71,9.88
1825.3,1751.76,103.58,4.37,9.88
1825.4,1751.85,103.22,5.28,9.88
1825.5,1751.94,103.52,6.94,9.88
1825.6,1752.03,103.39,7.15,10.25
1825.7,1752.12,102.74,6.58,10.25
1825.8,1752.22,102.79,5.98,10.25
1825.9,1752.31,103.2,6.24,10.25
1826.0,1752.4,103.0,6.8,10.25
1826.1,1752.49,102.79,7.32,5.67
1826.2,1752.58,102.88,7.28,5.67
1826.3,1752.67,102.98,7.24,5.67
1826.4,1752.76,103.07,7.2,5.67
1826.5,1752.85,103.44,7.16,5.67
1826.6,1752.94,103.21,7.09,3.68
1826.7,1753.03,102.84,7.12,3.68
1826.8,1753.13,103.61,6.86,3.68
1826.9,1753.22,102.73,7.13,3.68
1827.0,1753.31,103.46,6.89,3.68
1827.1,1753.4,102.9,7.3,7.21
1827.2,1753.49,103.0,6.82,7.21
1827.3,1753.58,103.4,6.83,7.21
1827.4,1753.67,102.8,7.06,7.21
1827.5,1753.76,103.42,6.86,7.21
1827.6,1753.85,103.46,7.08,8.27
1827.7,1753.95,102.98,7.12,8.27
1827.8,1754.04,103.24,6.54,8.27
1827.9,1754.13,102.69,6.88,8.27
1828.0,1754.22,104.05,6.87,7.99
1828.1,1754.31,105.42,6.87,7.72
1828.2,1754.4,106.78,6.86,7.44
1828.3,1754.49,108.14,6.86,7.16
1828.4,1754.58,109.5,6.85,6.89
1828.5,1754.67,110.86,6.85,6.61
1828.6,1754.77,111.2,7.09,6.47
1828.7,1754.86,112.13,6.93,6.47
1828.8,1754.95,111.52,6.84,6.47
1828.9,1755.04,110.88,6.6,6.47
1829.0,1755.13,112.32,6.96,6.47
1829.1,1755.22,111.72,6.99,5.38
1829.2,1755.31,110.96,6.97,5.38
1829.3,1755.4,110.73,6.69,5.38
1829.4,1755.49,111.14,7.41,5.38
1829.5,1755.58,111.06,7.28,5.38
1829.6,1755.68,111.44,7.22,5.97
1829.7,1755.77,110.84,6.66,5.97
1829.8,1755.86,111.21,6.92,5.97
1829.9,1755.95,110.35,6.92,5.97
1830.0,1756.04,111.85,7.15,9.49
1830.1,1756.13,111.21,7.0,9.49
1830.2,1756.22,111.08,6.52,9.49
1830.3,1756.31,111.56,6.94,9.49
1830.4,1756.4,111.82,7.35,9.49
1830.5,1756.5,111.09,7.14,5.8
1830.6,1756.59,111.12,7.22,5.8
1830.7,1756.68,110.94,7.02,5.8
1830.8,1756.77,110.98,7.2,5.8
1830.9,1756.86,111.07,6.92,5.8
1831.0,1756.95,111.2,6.63,3.95
1831.1,1757.04,111.6,5.66,3.95
1831.2,1757.13,111.08,6.17,3.95
1831.3,1757.22,111.43,6.5,3.95
1831.4,1757.32,110.4,5.88,3.95
1831.5,1757.41,111.38,5.34,3.95
1831.6,1757.5,111.26,5.81,6.43
1831.7,1757.59,111.14,6.28,8.92
1831.8,1757.68,111.34,6.45,8.92
1831.9,1757.77,111.43,6.45,8.92
1832.0,1757.86,111.1,6.82,8.92
1832.1,1757.95,110.89,6.8,18.41
1832.2,1758.05,112.24,6.52,18.41
1832.3,1758.14,110.67,6.6,18.41
1832.4,1758.23,111.19,6.84,18.41
1832.5,1758.32,111.3,7.39,18.41
1832.6,1758.41,111.23,6.83,10.03
1832.7,1758.5,110.89,7.3,10.03
1832.8,1758.59,110.69,7.06,10.03
1832.9,1758.68,111.92,7.09,10.03
1833.0,1758.77,111.57,7.23,10.03
1833.1,1758.87,111.69,7.07,6.28
1833.2,1758.96,111.78,6.79,6.28
1833.3,1759.05,111.86,6.62,6.28
1833.4,1759.14,111.42,7.04,6.28
1833.5,1759.23,111.27,7.11,6.28
1833.6,1759.32,112.13,6.89,6.28
1833.7,1759.41,111.13,6.65,5.23
1833.8,1759.5,111.15,6.56,5.23
1833.9,1759.6,111.31,7.05,5.23
1834.0,1759.69,111.91,7.03,5.23
1834.1,1759.78,111.04,7.06,5.23
1834.2,1759.87,111.22,7.12,5.46
1834.3,1759.96,111.39,6.61,5.46
1834.4,1760.05,111.34,6.64,5.46
1834.5,1760.14,111.09,6.38,5.46
1834.6,1760.23,111.71,6.94,5.46
1834.7,1760.33,112.05,6.98,4.84
1834.8,1760.42,111.53,7.07,4.84
1834.9,1760.51,110.97,7.08,4.84
1835.0,1760.6,111.01,6.92,4.84
1835.1,1760.69,111.19,6.89,4.84
1835.2,1760.78,112.02,6.66,4.84
1835.3,1760.87,111.31,6.22,2.79
1835.4,1760.96,90.1,5.33,2.79
1835.5,1761.05,90.64,5.82,2.79
1835.6,1761.15,91.19,6.31,2.79
1835.7,1761.24,90.78,6.62,2.79
1835.8,1761.33,90.52,6.37,4.89
1835.9,1761.42,90.96,6.63,4.89
1836.0,1761.51,90.0,6.35,4.89
1836.1,1761.6,90.49,6.59,4.89
1836.2,1761.69,91.9,6.33,4.89
1836.3,1761.78,90.54,6.43,7.98
1836.4,1761.88,90.71,6.52,7.98
1836.5,1761.97,90.02,6.61,7.98
1836.6,1762.06,90.5,6.01,7.98
1836.7,1762.15,90.21,5.64,7.98
1836.8,1762.24,90.88,6.3,7.33
1836.9,1762.33,90.83,6.51,7.33
1837.0,1762.42,91.08,6.65,7.33
1837.1,1762.52,90.2,6.62,7.33
1837.2,1762.61,90.31,6.53,6.26
1837.3,1762.7,90.92,6.73,6.26
1837.4,1762.79,90.9,6.29,6.26
1837.5,1762.88,90.0,4.25,6.26
1837.6,1762.97,90.44,5.73,6.26
1837.7,1763.06,91.14,5.4,5.07
1837.8,1763.15,90.08,5.82,5.07
1837.9,1763.25,90.63,6.57,5.07
1838.0,1763.34,90.58,6.27,5.07
1838.1,1763.43,90.91,6.6,5.07
1838.2,1763.52,90.5,6.22,4.92
1838.3,1763.61,90.69,6.33,4.92
1838.4,1763.7,90.74,5.61,4.92
1838.5,1763.79,90.4,6.28,4.92
1838.6,1763.88,90.68,5.96,4.92
1838.7,1763.98,90.09,6.14,7.22
1838.8,1764.07,90.38,5.98,7.22
1838.9,1764.16,91.05,6.72,7.22
1839.0,1764.25,90.04,6.61,7.22
1839.1,1764.34,90.75,6.71,7.22
1839.2,1764.43,90.22,6.79,5.09
1839.3,1764.52,90.47,6.69,5.09
1839.4,1764.62,90.3,6.78,5.09
1839.5,1764.71,90.23,6.51,5.09
1839.6,1764.8,90.81,6.46,5.09
1839.7,1764.89,90.51,6.12,6.15
1839.8,1764.98,91.45,6.29,6.15
1839.9,1765.07,90.57,5.84,6.15
1840.0,1765.16,90.5,6.22,6.15
1840.1,1765.25,90.04,6.17,6.15
1840.2,1765.35,90.38,6.13,7.27
1840.3,1765.44,90.36,6.74,7.27
1840.4,1765.53,91.15,6.74,7.27
1840.5,1765.62,90.52,6.78,7.27
1840.6,1765.71,91.23,6.52,7.27
1840.7,1765.8,89.96,6.48,3.42
1840.8,1765.89,90.42,6.16,3.42
1840.9,1765.99,90.57,6.16,3.42
1841.0,1766.08,90.49,6.4,3.42
1841.1,1766.17,91.11,1.89,3.42
1841.2,1766.26,90.21,2.43,4.96
1841.3,1766.35,91.17,4.06,4.96
1841.4,1766.44,90.27,4.45,4.96
1841.5,1766.53,91.18,5.04,4.96
1841.6,1766.62,90.12,4.97,10.98
1841.7,1766.72,91.28,5.22,10.98
1841.8,1766.81,90.13,5.1,10.98
1841.9,1766.9,91.23,6.47,10.98
1842.0,1766.99,91.72,6.12,10.98
1842.1,1767.08,90.41,6.07,8.43
1842.2,1767.17,90.46,6.36,8.43
1842.3,1767.26,90.97,6.32,8.43
1842.4,1767.36,90.81,5.98,8.43
1842.5,1767.45,89.77,6.12,8.43
1842.6,1767.54,90.0,6.51,7.49
1842.7,1767.63,90.66,6.42,7.49
1842.8,1767.72,90.32,6.27,7.49
1842.9,1767.81,91.01,6.35,7.49
1843.0,1767.9,90.59,6.23,7.49
1843.1,1768.0,90.38,6.49,5.7
1843.2,1768.09,90.32,6.0,5.7
1843.3,1768.18,90.52,6.1,5.7
1843.4,1768.27,90.27,5.79,5.7
1843.5,1768.36,91.25,6.0,5.7
1843.6,1768.45,90.35,6.29,6.25
1843.7,1768.54,90.01,6.0,6.25
1843.8,1768.64,90.96,6.24,6.25
1843.9,1768.73,91.14,5.96,6.25
1844.0,1768.82,91.41,6.09,6.25
1844.1,1768.91,90.46,6.16,6.17
1844.2,1769.0,90.42,6.47,6.17
1844.3,1769.09,91.17,6.31,6.17
1844.4,1769.18,91.52,6.57,6.17
1844.5,1769.28,89.97,6.17,6.17
1844.6,1769.37,90.89,7.69,7.71
1844.7,1769.46,90.61,7.39,7.71
1844.8,1769.55,90.79,7.34,7.71
1844.9,1769.64,91.24,7.29,7.71
1845.0,1769.73,91.52,7.3,7.71
1845.1,1769.82,90.08,7.34,6.02
1845.2,1769.92,90.47,7.99,6.02
1845.3,1770.01,90.17,7.99,6.02
1845.4,1770.1,90.75,8.22,6.02
1845.5,1770.19,90.31,8.05,6.02
1845.6,1770.28,90.88,7.94,6.88
1845.7,1770.37,90.24,8.01,6.88
1845.8,1770.46,90.64,8.08,6.88
1845.9,1770.56,90.19,7.86,6.88
1846.0,1770.65,90.03,7.54,6.88
1846.1,1770.74,90.69,7.34,7.19
1846.2,1770.83,90.74,7.93,7.19
1846.3,1770.92,90.13,7.78,7.19
1846.4,1771.01,90.05,7.78,7.19
1846.5,1771.1,91.11,7.85,7.19
1846.6,1771.2,89.49,7.54,7.06
1846.7,1771.29,87.87,7.23,6.93
1846.8,1771.38,86.25,6.92,6.8
1846.9,1771.47,84.63,6.62,6.67
1847.0,1771.56,83.02,6.31,6.54
1847.1,1771.65,81.4,6.0,6.41
1847.2,1771.74,79.78,5.69,6.28
1847.3,1771.84,78.16,5.38,6.15
1847.4,1771.93,76.54,5.08,6.02
1847.5,1772.02,74.92,4.77,5.89
1847.6,1772.11,73.3,4.46,5.76
1847.7,1772.2,71.68,4.15,5.63
1847.8,1772.29,70.06,3.85,5.5
1847.9,1772.39,68.44,3.54,5.37
1848.0,1772.48,66.82,3.23,5.24
1848.1,1772.57,65.2,2.92,5.11
1848.2,1772.66,63.58,2.62,4.98
1848.3,1772.75,61.96,2.31,4.85
1848.4,1772.84,60.35,2.0,4.72
1848.5,1772.93,58.73,1.69,4.59
1848.6,1773.03,57.11,1.38,4.45
1848.7,1773.12,55.49,1.08,4.32
1848.8,1773.21,53.87,0.77,4.19
1848.9,1773.3,52.25,0.46,4.06
1849.0,1773.39,50.63,0.15,3.93
1849.1,1773.48,70.02,3.58,5.5
1849.2,1773.57,90.26,7.08,7.14
1849.3,1773.67,90.94,7.66,7.14
1849.4,1773.76,90.74,7.75,7.14
1849.5,1773.85,90.94,7.51,3.29
1849.6,1773.94,90.81,7.5,3.29
1849.7,1774.03,91.12,7.5,3.29
1849.8,1774.12,90.24,6.97,3.29
1849.9,1774.21,90.16,7.33,3.29
1850.0,1774.31,90.91,3.03,3.87
1850.1,1774.4,90.26,3.43,4.88
1850.2,1774.49,90.1,2.89,4.88
1850.3,1774.58,90.95,3.49,4.88
1850.4,1774.67,90.39,4.03,4.88
1850.5,1774.76,91.29,3.38,4.88
1850.6,1774.85,90.25,3.63,9.92
1850.7,1774.95,91.13,4.2,9.92
1850.8,1775.04,90.82,3.64,9.92
1850.9,1775.13,90.86,4.12,9.92
1851.0,1775.22,90.27,3.9,9.92
1851.1,1775.31,90.45,4.78,11.34
1851.2,1775.4,91.25,4.52,11.34
1851.3,1775.49,90.48,4.28,11.34
1851.4,1775.59,91.05,4.83,11.34
1851.5,1775.68,91.39,4.94,11.34
1851.6,1775.77,91.43,4.9,10.06
1851.7,1775.86,90.49,4.92,10.06
1851.8,1775.95,90.99,4.93,10.06
1851.9,1776.04,90.77,4.88,10.06
1852.0,1776.13,90.01,5.02,5.09
1852.1,1776.23,91.09,4.77,5.09
1852.2,1776.32,90.52,5.87,5.09
1852.3,1776.41,90.86,6.83,5.09
1852.4,1776.5,91.31,6.86,5.09
1852.5,1776.59,90.24,6.71,9.31
1852.6,1776.68,91.07,6.86,9.31
1852.7,1776.77,90.8,6.87,9.31
1852.8,1776.87,90.42,6.93,9.31
1852.9,1776.96,91.38,6.47,9.31
1853.0,1777.05,90.27,6.64,9.31
1853.1,1777.14,90.45,6.32,4.9
1853.2,1777.23,90.69,6.06,4.9
1853.3,1777.32,90.2,6.35,4.9
1853.4,1777.41,89.57,6.28,4.9
1853.5,1777.51,90.53,6.25,4.9
1853.6,1777.6,90.97,5.92,20.45
1853.7,1777.69,90.63,5.43,20.45
1853.8,1777.78,89.88,5.68,20.45
1853.9,1777.87,90.8,5.6,20.45
1854.0,1777.96,91.04,5.58,20.45
1854.1,1778.05,90.26,5.84,17.5
1854.2,1778.15,90.46,5.75,17.5
1854.3,1778.24,90.78,6.44,17.5
1854.4,1778.33,90.65,5.42,17.5
1854.5,1778.42,90.72,5.61,17.5
1854.6,1778.51,90.06,4.79,8.51
1854.7,1778.6,90.73,4.72,8.51
1854.8,1778.7,91.23,4.22,8.51
1854.9,1778.79,90.29,4.61,8.51
1855.0,1778.88,89.95,4.64,8.51
1855.1,1778.97,90.37,5.24,15.97
1855.2,1779.06,90.96,5.24,15.97
1855.3,1779.15,91.04,4.98,15.97
1855.4,1779.24,91.13,5.02,15.97
1855.5,1779.34,90.78,5.19,15.97
1855.6,1779.43,91.74,4.69,8.35
1855.7,1779.52,89.67,4.64,8.35
1855.8,1779.61,90.7,5.01,8.35
1855.9,1779.7,90.51,5.32,8.35
1856.0,1779.79,90.2,5.17,8.35
1856.1,1779.88,90.2,4.74,8.35
1856.2,1779.98,91.15,5.11,15.21
1856.3,1780.07,90.22,5.12,15.21
1856.4,1780.16,90.23,5.09,15.21
1856.5,1780.25,90.19,5.1,15.21
1856.6,1780.34,91.18,5.24,6.43
1856.7,1780.43,90.36,4.97,6.43
1856.8,1780.52,90.09,2.64,6.43
1856.9,1780.62,90.49,2.59,6.43
1857.0,1780.71,91.26,2.86,6.43
1857.1,1780.8,90.3,2.77,3.8
1857.2,1780.89,91.04,3.1,3.8
1857.3,1780.98,90.62,3.26,3.8
1857.4,1781.07,91.06,3.53,3.8
1857.5,1781.16,90.57,3.53,3.8
1857.6,1781.26,91.08,4.28,11.86
1857.7,1781.35,91.09,4.02,11.86
1857.8,1781.44,90.98,3.53,11.86
1857.9,1781.53,90.87,3.04,11.86
1858.0,1781.62,90.76,2.55,11.86
1858.1,1781.71,90.85,3.3,11.86
1858.2,1781.8,91.04,3.16,11.86
1858.3,1781.9,90.06,3.97,11.86
1858.4,1781.99,90.68,4.38,2.76
1858.5,1782.08,91.0,4.0,2.75
1858.6,1782.17,90.64,4.46,2.75
1858.7,1782.26,90.19,4.89,2.75
1858.8,1782.35,90.46,5.34,2.75
1858.9,1782.44,90.28,5.16,3.3
1859.0,1782.54,90.36,5.2,3.3
1859.1,1782.63,90.17,5.12,3.3
1859.2,1782.72,90.16,4.68,3.3
1859.3,1782.81,90.67,4.7,3.3
1859.4,1782.9,90.2,5.05,2.82
1859.5,1782.99,90.54,4.93,2.82
1859.6,1783.08,91.02,5.1,2.82
1859.7,1783.18,90.74,4.73,2.82
1859.8,1783.27,90.63,4.6,2.82
1859.9,1783.36,90.66,5.28,2.59
1860.0,1783.45,90.4,4.74,2.59
1860.1,1783.54,90.45,2.4,2.59
1860.2,1783.63,90.58,2.88,2.59
1860.3,1783.73,90.57,3.43,2.59
1860.4,1783.82,90.92,3.43,3.51
1860.5,1783.91,91.18,4.04,3.51
1860.6,1784.0,90.71,4.65,3.51
1860.7,1784.09,90.16,4.05,3.51
1860.8,1784.18,90.09,4.44,3.51
1860.9,1784.27,90.45,3.91,3.96
1861.0,1784.37,89.85,4.04,3.96
1861.1,1784.46,90.37,3.97,3.96
1861.2,1784.55,91.05,4.62,3.96
1861.3,1784.64,90.75,4.74,3.96
1861.4,1784.73,90.42,5.01,3.44
1861.5,1784.82,90.71,4.74,3.44
1861.6,1784.91,90.78,4.7,3.44
1861.7,1785.01,90.81,4.7,3.44
1861.8,1785.1,90.9,4.94,3.44
1861.9,1785.19,90.72,5.33,3.44
1862.0,1785.28,90.11,4.86,1.83
1862.1,1785.37,90.86,4.48,1.83
1862.2,1785.46,90.02,4.49,1.83
1862.3,1785.56,90.53,4.59,1.83
1862.4,1785.65,90.42,4.56,1.83
1862.5,1785.74,90.74,4.39,1.53
1862.6,1785.83,90.92,4.5,1.53
1862.7,1785.92,89.92,2.72,1.53
1862.8,1786.01,90.84,3.3,1.53
1862.9,1786.1,89.77,3.63,1.53
1863.0,1786.2,90.52,3.64,4.18
1863.1,1786.29,90.9,4.36,4.18
1863.2,1786.38,90.67,4.22,4.18
1863.3,1786.47,89.96,4.07,4.18
1863.4,1786.56,89.81,4.48,4.18
1863.5,1786.65,90.16,4.89,4.18
1863.6,1786.74,90.58,4.77,5.29
1863.7,1786.84,90.18,4.08,5.29
1863.8,1786.93,90.86,4.48,5.29
1863.9,1787.02,89.95,4.14,5.29
1864.0,1787.11,91.08,4.77,5.29
1864.1,1787.2,90.86,4.33,6.48
1864.2,1787.29,90.09,4.98,6.48
1864.3,1787.38,89.91,4.97,6.48
1864.4,1787.48,53.25,2.73,6.48
1864.5,1787.57,53.82,1.01,6.48
1864.6,1787.66,52.83,1.22,4.31
1864.7,1787.75,52.95,1.06,4.31
1864.8,1787.84,52.84,1.52,4.31
1864.9,1787.93,53.29,1.29,4.31
1865.0,1788.03,53.56,1.46,4.31
1865.1,1788.12,53.73,1.36,4.31
1865.2,1788.21,54.0,2.38,9.64
1865.3,1788.3,52.73,2.26,9.64
1865.4,1788.39,53.66,2.27,9.64
1865.5,1788.48,73.76,2.88,9.64
1865.6,1788.57,90.64,4.5,4.66
1865.7,1788.67,98.55,5.11,4.66
1865.8,1788.76,98.34,5.51,4.66
1865.9,1788.85,98.29,5.05,4.66
1866.0,1788.94,98.52,5.37,4.66
1866.1,1789.03,98.17,5.51,4.3
1866.2,1789.12,99.17,5.34,4.3
1866.3,1789.22,99.09,5.94,4.3
1866.4,1789.31,99.46,6.08,4.3
1866.5,1789.4,98.77,6.05,1.32
1866.6,1789.49,90.98,4.76,1.32
1866.7,1789.58,92.14,5.81,1.32
1866.8,1789.67,90.73,5.12,1.32
1866.9,1789.76,91.43,4.96,1.32
1867.0,1789.86,90.48,5.33,2.7
1867.1,1789.95,90.76,5.62,2.7
1867.2,1790.04,90.36,5.51,2.7
1867.3,1790.13,91.37,7.14,2.7
1867.4,1790.22,91.34,5.53,2.7
1867.5,1790.31,90.77,6.38,2.13
1867.6,1790.4,91.07,6.28,2.13
1867.7,1790.5,90.49,6.96,2.13
1867.8,1790.59,90.38,6.64,2.13
1867.9,1790.68,91.15,6.01,2.13
1868.0,1790.77,90.49,6.08,2.88
1868.1,1790.86,90.98,6.0,2.88
1868.2,1790.95,90.84,5.66,2.88
1868.3,1791.05,90.98,6.41,2.88
1868.4,1791.14,91.41,6.38,2.88
1868.5,1791.23,90.11,5.77,3.74
1868.6,1791.32,90.8,6.15,3.74
1868.7,1791.41,91.28,6.47,3.74
1868.8,1791.5,90.22,6.86,3.74
1868.9,1791.59,90.12,6.58,3.74
1869.0,1791.69,91.25,6.95,3.86
1869.1,1791.78,91.8,6.97,3.86
1869.2,1791.87,90.89,6.21,3.86
1869.3,1791.96,91.06,6.2,3.86
1869.4,1792.05,90.78,6.62,3.86
1869.5,1792.14,90.57,6.03,7.33
1869.6,1792.24,90.99,6.4,7.33
1869.7,1792.33,90.12,6.74,7.33
1869.8,1792.42,90.32,7.16,7.33
1869.9,1792.51,91.05,6.38,7.33
1870.0,1792.6,90.84,6.54,6.24
1870.1,1792.69,90.44,6.74,6.24
1870.2,1792.78,90.61,6.79,6.24
1870.3,1792.88,90.59,6.98,6.24
1870.4,1792.97,91.38,6.77,6.24
1870.5,1793.06,90.74,6.49,7.97
1870.6,1793.15,90.91,6.97,7.97
1870.7,1793.24,90.96,7.24,7.97
1870.8,1793.33,91.35,6.5,7.97
1870.9,1793.43,90.53,6.87,7.2
1871.0,1793.52,90.55,6.83,7.19
1871.1,1793.61,90.63,6.33,7.19
1871.2,1793.7,90.87,6.63,7.19
1871.3,1793.79,90.82,7.04,7.19
1871.4,1793.88,90.79,7.08,6.13
1871.5,1793.97,90.35,7.23,6.13
1871.6,1794.07,91.17,9.49,6.13
1871.7,1794.16,90.03,5.18,6.13
1871.8,1794.25,90.46,6.3,6.13
1871.9,1794.34,90.64,6.91,3.88
1872.0,1794.43,91.18,6.97,3.88
1872.1,1794.52,91.45,6.92,3.88
1872.2,1794.62,90.32,7.51,3.88
1872.3,1794.71,90.5,6.68,3.88
1872.4,1794.8,91.08,6.84,5.63
1872.5,1794.89,91.38,7.28,5.63
1872.6,1794.98,91.73,7.19,5.63
1872.7,1795.07,90.46,7.6,5.63
1872.8,1795.16,91.27,7.51,5.63
1872.9,1795.26,90.5,7.5,2.56
1873.0,1795.35,91.38,6.6,2.56
1873.1,1795.44,89.91,6.66,2.56
1873.2,1795.53,91.24,6.38,2.56
1873.3,1795.62,90.97,7.15,2.56
1873.4,1795.71,91.49,7.62,3.06
1873.5,1795.81,90.48,7.36,3.06
1873.6,1795.9,92.1,6.92,3.06
1873.7,1795.99,90.92,7.29,3.06
1873.8,1796.08,90.44,4.51,3.06
1873.9,1796.17,91.05,6.17,2.55
1874.0,1796.26,90.33,6.41,2.55
1874.1,1796.35,90.22,6.65,2.55
1874.2,1796.45,91.01,7.51,2.55
1874.3,1796.54,91.25,6.69,2.55
1874.4,1796.63,91.34,7.3,5.58
1874.5,1796.72,90.12,7.6,5.58
1874.6,1796.81,90.6,7.21,5.58
1874.7,1796.9,91.01,7.41,5.58
1874.8,1797.0,91.34,7.72,5.58
1874.9,1797.09,90.61,8.25,1.71
1875.0,1797.18,90.86,7.79,1.71
1875.1,1797.27,91.64,8.14,1.71
1875.2,1797.36,91.26,5.5,1.71
1875.3,1797.45,90.67,6.68,1.71
1875.4,1797.55,90.23,6.63,1.76
1875.5,1797.64,91.22,6.83,1.76
1875.6,1797.73,91.24,7.14,1.76
1875.7,1797.82,90.81,7.01,1.76
1875.8,1797.91,91.55,7.27,1.76
1875.9,1798.0,91.26,6.15,7.25
1876.0,1798.1,90.65,6.53,7.25
1876.1,1798.19,91.09,6.21,7.25
1876.2,1798.28,91.17,6.25,7.25
1876.3,1798.37,90.4,6.05,7.25
1876.4,1798.46,90.88,6.41,7.38
1876.5,1798.55,91.64,6.25,7.38
1876.6,1798.65,91.25,6.12,7.38
1876.7,1798.74,91.48,5.97,7.38
1876.8,1798.83,90.64,5.85,5.52
1876.9,1798.92,89.99,6.3,5.52
1877.0,1799.01,91.48,5.83,5.52
1877.1,1799.1,90.11,6.01,5.52
1877.2,1799.2,90.04,6.35,5.52
1877.3,1799.29,91.51,4.61,5.07
1877.4,1799.38,90.62,4.36,5.07
1877.5,1799.47,90.15,5.27,5.07
1877.6,1799.56,91.3,6.05,5.07
1877.7,1799.65,90.45,6.39,5.07
1877.8,1799.75,91.22,6.71,12.88
1877.9,1799.84,90.86,6.52,12.88
1878.0,1799.93,90.73,6.91,12.88
1878.1,1800.02,90.12,6.95,12.88
1878.2,1800.11,90.31,6.89,12.88
1878.3,1800.2,91.59,5.29,6.51
1878.4,1800.3,90.44,5.84,6.5
1878.5,1800.39,90.7,5.37,6.5
1878.6,1800.48,91.26,5.33,6.5
1878.7,1800.57,89.91,6.11,6.5
1878.8,1800.66,90.42,5.78,14.1
1878.9,1800.75,91.36,6.13,14.11
1879.0,1800.85,90.27,5.56,14.11
1879.1,1800.94,90.73,5.5,14.11
1879.2,1801.03,89.9,5.36,14.11
1879.3,1801.12,91.23,5.84,8.21
1879.4,1801.21,90.28,5.28,8.2
1879.5,1801.3,91.46,5.35,8.2
1879.6,1801.4,90.55,5.39,8.2
1879.7,1801.49,90.04,5.66,8.2
1879.8,1801.58,90.82,6.93,12.71
1879.9,1801.67,91.0,7.1,12.72
1880.0,1801.76,91.34,6.84,12.72
1880.1,1801.85,90.7,6.71,12.72
1880.2,1801.95,91.38,6.63,12.72
1880.3,1802.04,91.38,5.53,5.64
1880.4,1802.13,89.85,5.92,5.64
1880.5,1802.22,90.62,5.48,5.64
1880.6,1802.31,91.89,5.7,5.64
1880.7,1802.4,90.88,5.69,5.64
1880.8,1802.5,90.62,6.03,6.31
1880.9,1802.59,89.88,6.13,6.31
1881.0,1802.68,90.51,4.71,6.31
1881.1,1802.77,90.16,6.18,6.31
1881.2,1802.86,91.48,6.01,3.66
1881.3,1802.95,91.4,5.4,3.66
1881.4,1803.05,91.38,5.76,3.66
1881.5,1803.14,90.57,5.31,3.66
1881.6,1803.23,91.18,5.77,3.66
1881.7,1803.32,91.74,6.48,3.66
1881.8,1803.41,90.69,7.18,5.3
1881.9,1803.5,90.1,6.83,5.3
1882.0,1803.6,91.5,5.89,5.3
1882.1,1803.69,90.85,6.01,5.3
1882.2,1803.78,90.4,6.48,5.3
1882.3,1803.87,90.94,5.98,2.7
1882.4,1803.96,91.22,6.05,2.7
1882.5,1804.06,91.31,1.33,2.7
1882.6,1804.15,90.77,2.07,2.7
1882.7,1804.24,90.34,2.19,2.7
1882.8,1804.33,90.41,2.32,2.7
1882.9,1804.42,90.98,2.89,7.56
1883.0,1804.51,91.41,4.37,7.56
1883.1,1804.61,90.46,4.4,7.56
1883.2,1804.7,90.27,4.09,7.56
1883.3,1804.79,91.26,3.94,7.56
1883.4,1804.88,90.91,4.17,23.04
1883.5,1804.97,91.14,4.42,23.04
1883.6,1805.06,90.15,4.82,23.04
1883.7,1805.16,90.45,5.83,23.04
1883.8,1805.25,91.36,5.18,24.04
1883.9,1805.34,90.54,4.63,24.04
1884.0,1805.43,90.93,4.52,24.04
1884.1,1805.52,91.39,4.6,24.04
1884.2,1805.62,90.99,5.08,24.04
1884.3,1805.71,91.74,5.7,24.04
1884.4,1805.8,90.21,5.81,19.57
1884.5,1805.89,89.38,5.73,19.57
1884.6,1805.98,91.13,5.41,19.57
1884.7,1806.07,90.96,5.11,19.57
1884.8,1806.17,90.18,4.9,19.57
1884.9,1806.26,91.24,4.74,21.23
1885.0,1806.35,90.8,5.0,21.23
1885.1,1806.44,91.53,5.26,21.23
1885.2,1806.53,90.21,5.24,21.23
1885.3,1806.62,90.57,5.72,21.23
1885.4,1806.72,91.34,5.63,26.39
1885.5,1806.81,91.19,5.64,26.39
1885.6,1806.9,90.35,5.66,26.39
1885.7,1806.99,89.96,5.52,26.39
1885.8,1807.08,91.08,5.53,20.93
1885.9,1807.18,91.49,5.48,20.92
1886.0,1807.27,90.82,6.01,20.92
1886.1,1807.36,90.45,6.63,20.92
1886.2,1807.45,91.35,4.3,20.92
1886.3,1807.54,90.53,4.82,10.53
1886.4,1807.63,91.35,4.22,10.52
1886.5,1807.73,91.05,4.16,10.52
1886.6,1807.82,91.05,4.88,10.52
1886.7,1807.91,91.06,5.76,10.52
1886.8,1808.0,91.31,3.5,14.62
1886.9,1808.09,91.01,3.08,14.63
1887.0,1808.18,90.8,3.19,14.63
1887.1,1808.28,90.55,3.14,14.63
1887.2,1808.37,90.1,2.94,14.63
1887.3,1808.46,91.27,3.49,14.63
1887.4,1808.55,90.51,4.51,6.96
1887.5,1808.64,90.24,4.08,6.96
1887.6,1808.73,91.51,3.55,6.96
1887.7,1808.83,91.24,3.44,6.96
1887.8,1808.92,90.78,3.71,10.91
1887.9,1809.01,90.22,3.95,10.92
1888.0,1809.1,89.98,2.558556407417915,2.09
1888.1,1809.19,90.57,2.3,6.5
1888.2,1809.29,90.43,5.634369964072608,2.09
1888.3,1809.38,90.04,8.81,21.91
1888.4,1809.47,90.97,8.57,21.92
1888.5,1809.56,90.12,8.43,21.92
1888.6,1809.65,90.47,8.67,21.92
1888.7,1809.74,90.13,8.61,21.92
1888.8,1809.84,91.54,4.88,2.11
1888.9,1809.93,92.63,0.01,2.09
1889.0,1810.02,91.41,0.72,2.09
1889.1,1810.11,92.25,1.54,2.09
1889.2,1810.2,91.96,1.25,2.09
1889.3,1810.29,92.21,1.63,9.07
1889.4,1810.39,91.3,1.28,9.08
1889.5,1810.48,91.84,1.78,9.08
1889.6,1810.57,92.38,3.8,9.08
1889.7,1810.66,91.66,2.98,9.08
1889.8,1810.75,91.25,3.37,16.54
1889.9,1810.84,91.85,3.5,16.55
1890.0,1810.94,92.32,3.74,16.55
1890.1,1811.03,91.72,3.39,16.55
1890.2,1811.12,90.67,3.8,16.55
1890.3,1811.21,92.42,4.09,16.55
1890.4,1811.3,90.86,3.56,17.51
1890.5,1811.39,91.12,3.55,17.51
1890.6,1811.49,92.03,3.34,17.51
1890.7,1811.58,92.65,3.52,17.51
1890.8,1811.67,91.2,2.58,17.51
1890.9,1811.76,92.64,2.28,14.32
1891.0,1811.85,91.92,2.47,14.32
1891.1,1811.94,91.42,2.4,14.32
1891.2,1812.04,91.94,2.48,14.32
1891.3,1812.13,92.5,2.59,14.32
1891.4,1812.22,92.55,3.0,20.51
1891.5,1812.31,92.24,3.69,20.52
1891.6,1812.4,91.47,3.45,20.52
1891.7,1812.49,92.33,3.41,20.52
1891.8,1812.59,91.78,2.84,20.52
1891.9,1812.68,91.27,3.34,20.52
1892.0,1812.77,91.65,3.08,10.23
1892.1,1812.86,91.64,3.15,10.23
1892.2,1812.95,91.52,3.11,10.23
1892.3,1813.04,92.72,2.94,10.23
1892.4,1813.14,91.46,2.85,10.23
1892.5,1813.23,91.05,2.93,10.23
1892.6,1813.32,91.77,2.96,14.59
1892.7,1813.41,91.64,3.06,14.59
1892.8,1813.5,91.41,2.72,14.59
1892.9,1813.59,91.99,2.84,14.59
1893.0,1813.69,41.08,0.82,14.59
1893.1,1813.78,42.69,3.29,10.83
1893.2,1813.87,41.46,3.23,10.83
1893.3,1813.96,41.66,2.7,10.83
1893.4,1814.05,41.44,3.27,10.83
1893.5,1814.14,41.47,3.76,9.0
1893.6,1814.24,41.59,3.53,9.0
1893.7,1814.33,42.55,2.88,9.0
1893.8,1814.42,41.55,2.68,9.0
1893.9,1814.51,41.35,2.7,9.0
1894.0,1814.6,42.15,2.17,9.0
1894.1,1814.69,42.07,2.33,5.62
1894.2,1814.79,42.2,3.45,5.62
1894.3,1814.88,90.76,2.57,5.62
1894.4,1814.97,91.64,2.28,5.62
1894.5,1815.06,91.81,2.54,5.62
1894.6,1815.15,91.55,2.59,12.6
1894.7,1815.24,91.3,3.3,12.6
1894.8,1815.34,91.53,3.43,12.6
1894.9,1815.43,90.58,3.4,12.6
1895.0,1815.52,91.33,3.35,12.6
1895.5,1815.98,92.15,4.3,24.48
1895.6,1816.07,91.71,3.38,24.48
1895.7,1816.16,92.18,3.09,24.48
1895.8,1816.25,91.39,3.57,24.48
1895.9,1816.34,91.06,4.12,24.48
1896.0,1816.44,91.73,3.66,12.55
1896.1,1816.53,91.07,3.96,12.55
1896.2,1816.62,90.94,4.06,12.55
1896.3,1816.71,92.01,4.2,12.55
1896.4,1816.8,91.76,4.87,12.55
1896.5,1816.89,90.7,4.68,18.2
1896.6,1816.98,91.42,4.47,18.2
1896.7,1817.08,91.52,4.71,18.2
1896.8,1817.17,91.18,5.04,18.2
1896.9,1817.26,92.19,4.01,18.2
1897.0,1817.35,91.24,4.21,16.64
1897.1,1817.44,91.56,4.62,16.64
1897.2,1817.53,90.83,4.55,16.64
1897.3,1817.63,92.03,4.46,16.64
1897.4,1817.72,90.62,3.94,16.64
1897.5,1817.81,90.6,3.78,18.35
1897.6,1817.9,92.02,3.98,18.35
1897.7,1817.99,91.5,3.73,18.35
1897.8,1818.08,90.76,3.93,18.35
1897.9,1818.18,91.89,3.86,16.52
1898.0,1818.27,91.54,3.47,16.52
1898.1,1818.36,91.45,3.4,16.52
1898.2,1818.45,91.29,3.34,16.52
1898.3,1818.54,91.63,3.01,16.52
1898.4,1818.63,91.58,3.24,12.61
1898.5,1818.72,90.92,3.14,12.6
1898.6,1818.82,90.78,3.81,12.6
1898.7,1818.91,91.6,3.85,12.6
1898.8,1819.0,91.62,3.6,12.6
1898.9,1819.09,91.0,4.32,25.63
1899.0,1819.18,91.03,3.74,25.64
1899.1,1819.27,92.28,3.88,25.64
1899.2,1819.37,91.98,3.81,25.64
1899.3,1819.46,91.86,4.68,25.64
1899.4,1819.55,91.91,3.69,17.83
